pass_cmp_home_off,pass_att_home_off,pass_pct_home_off,pass_yds_home_off,pass_td_home_off,rush_att_home_off,rush_yds_home_off,rush_avg_home_off,rush_td_home_off,total_plays_home_off,total_yds_home_off,total_avg_home_off,penalty_num_home_off,penalty_yds_home_off,fumbles_home_off,interceptions_home_off,turnovers_home_off,pass_cmp_home_def,pass_att_home_def,pass_pct_home_def,pass_yds_home_def,pass_td_home_def,rush_att_home_def,rush_yds_home_def,rush_avg_home_def,rush_td_home_def,total_plays_home_def,total_yds_home_def,total_avg_home_def,penalty_num_home_def,penalty_yds_home_def,fumbles_home_def,interceptions_home_def,turnovers_home_def,pass_cmp,pass_att,pass_pct,pass_yds,pass_td,rush_att,rush_yds,rush_avg,rush_td,total_plays,total_yds,total_avg,penalty_num,penalty_yds,fumbles,interceptions,turnovers,pass_cmp_away_off,pass_att_away_off,pass_pct_away_off,pass_yds_away_off,pass_td_away_off,rush_att_away_off,rush_yds_away_off,rush_avg_away_off,rush_td_away_off,total_plays_away_off,total_yds_away_off,total_avg_away_off,penalty_num_away_off,penalty_yds_away_off,fumbles_away_off,interceptions_away_off,turnovers_away_off
17.5,30.0,58.3,178.8,0.8,35.0,150.8,4.3,1.0,65.0,329.7,5.1,6.3,58.8,0.3,0.3,0.7,18.8,32.7,57.7,208.5,1.3,43.7,181.0,4.1,1.7,76.3,389.5,5.1,6.3,51.7,0.8,1.2,2.0,20.7,32.9,63.0,247.4,2.6,38.0,170.0,4.5,2.1,70.9,417.4,5.9,6.3,58.9,0.4,0.3,0.7,24.1,40.0,60.4,255.7,1.7,29.7,82.7,2.8,0.6,69.7,338.4,4.9,5.9,51.6,1.0,0.9,1.9
20.7,32.9,63.0,247.4,2.6,38.0,170.0,4.5,2.1,70.9,417.4,5.9,6.3,58.9,0.4,0.3,0.7,24.1,40.0,60.4,255.7,1.7,29.7,82.7,2.8,0.6,69.7,338.4,4.9,5.9,51.6,1.0,0.9,1.9,21.2,35.8,59.1,300.7,2.5,30.7,94.2,3.1,0.8,66.5,394.8,5.9,6.8,62.0,0.7,1.8,2.5,17.0,32.2,52.8,227.8,1.8,41.0,263.0,6.4,2.7,73.2,490.8,6.7,8.7,81.5,1.0,1.2,2.2
20.8,31.5,66.1,292.8,3.3,39.8,147.7,3.7,1.7,71.3,440.5,6.2,4.7,43.0,0.2,0.3,0.5,18.8,32.7,57.7,235.3,2.3,38.7,149.7,3.9,0.7,71.3,385.0,5.4,6.5,56.7,1.0,0.8,1.8,20.7,32.9,63.0,247.4,2.6,38.0,170.0,4.5,2.1,70.9,417.4,5.9,6.3,58.9,0.4,0.3,0.7,24.1,40.0,60.4,255.7,1.7,29.7,82.7,2.8,0.6,69.7,338.4,4.9,5.9,51.6,1.0,0.9,1.9
20.7,32.9,63.0,247.4,2.6,38.0,170.0,4.5,2.1,70.9,417.4,5.9,6.3,58.9,0.4,0.3,0.7,24.1,40.0,60.4,255.7,1.7,29.7,82.7,2.8,0.6,69.7,338.4,4.9,5.9,51.6,1.0,0.9,1.9,20.9,35.0,59.6,220.6,1.9,35.6,134.4,3.8,0.9,70.6,355.0,5.0,7.6,62.4,0.6,0.6,1.1,19.1,33.0,58.0,188.4,1.0,28.0,122.4,4.4,1.0,61.0,310.9,5.1,6.1,60.3,0.3,1.6,1.9
20.5,34.0,60.3,236.3,1.8,31.2,68.0,2.2,0.7,65.2,304.3,4.7,5.2,36.2,1.0,1.0,2.0,17.8,31.3,56.9,219.0,1.3,37.0,152.7,4.1,2.2,68.3,371.7,5.4,6.2,50.0,0.2,0.7,0.8,20.7,32.9,63.0,247.4,2.6,38.0,170.0,4.5,2.1,70.9,417.4,5.9,6.3,58.9,0.4,0.3,0.7,24.1,40.0,60.4,255.7,1.7,29.7,82.7,2.8,0.6,69.7,338.4,4.9,5.9,51.6,1.0,0.9,1.9
19.1,31.4,60.9,260.6,1.9,36.3,204.4,5.6,2.1,67.7,465.0,6.9,7.0,63.7,0.4,0.7,1.1,17.0,27.9,61.0,175.0,1.7,39.9,157.0,3.9,1.0,67.7,332.0,4.9,6.1,52.4,0.6,0.6,1.1,20.7,32.9,63.0,247.4,2.6,38.0,170.0,4.5,2.1,70.9,417.4,5.9,6.3,58.9,0.4,0.3,0.7,24.1,40.0,60.4,255.7,1.7,29.7,82.7,2.8,0.6,69.7,338.4,4.9,5.9,51.6,1.0,0.9,1.9
18.0,26.2,68.8,243.2,2.0,38.8,188.5,4.9,2.0,65.0,431.7,6.6,9.5,70.3,0.5,0.5,1.0,18.5,28.8,64.2,173.8,0.8,29.7,95.0,3.2,0.8,58.5,268.8,4.6,7.5,64.8,0.7,0.8,1.5,18.0,30.2,59.7,230.0,0.7,41.8,207.2,5.0,2.7,72.0,437.2,6.1,7.7,68.8,1.0,0.8,1.8,18.2,28.3,64.1,227.5,1.7,35.2,133.8,3.8,1.2,63.5,361.3,5.7,10.3,71.8,0.7,1.3,2.0
12.4,21.0,58.9,103.1,1.0,41.0,186.9,4.6,1.3,62.0,290.0,4.7,5.9,50.0,1.1,0.5,1.6,21.6,32.8,66.0,238.5,1.4,37.0,156.0,4.2,2.0,69.8,394.5,5.7,4.4,37.4,0.5,0.9,1.4,18.0,26.2,68.8,243.2,2.0,38.8,188.5,4.9,2.0,65.0,431.7,6.6,9.5,70.3,0.5,0.5,1.0,18.5,28.8,64.2,173.8,0.8,29.7,95.0,3.2,0.8,58.5,268.8,4.6,7.5,64.8,0.7,0.8,1.5
18.0,26.2,68.8,243.2,2.0,38.8,188.5,4.9,2.0,65.0,431.7,6.6,9.5,70.3,0.5,0.5,1.0,18.5,28.8,64.2,173.8,0.8,29.7,95.0,3.2,0.8,58.5,268.8,4.6,7.5,64.8,0.7,0.8,1.5,29.7,44.4,66.9,313.4,2.4,33.1,133.1,4.0,1.7,77.6,446.6,5.8,6.0,61.7,0.9,0.9,1.7,17.4,31.6,55.2,248.4,2.1,31.4,100.3,3.2,0.7,63.0,348.7,5.5,5.7,55.9,0.3,1.4,1.7
18.0,26.2,68.8,243.2,2.0,38.8,188.5,4.9,2.0,65.0,431.7,6.6,9.5,70.3,0.5,0.5,1.0,18.5,28.8,64.2,173.8,0.8,29.7,95.0,3.2,0.8,58.5,268.8,4.6,7.5,64.8,0.7,0.8,1.5,19.3,35.5,54.5,227.2,0.8,32.5,129.7,4.0,1.3,68.0,356.8,5.2,7.5,71.3,1.3,1.2,2.5,20.0,30.5,65.6,212.0,1.2,40.7,163.0,4.0,1.5,71.2,375.0,5.3,7.0,64.2,1.2,0.7,1.8
18.0,26.2,68.8,243.2,2.0,38.8,188.5,4.9,2.0,65.0,431.7,6.6,9.5,70.3,0.5,0.5,1.0,18.5,28.8,64.2,173.8,0.8,29.7,95.0,3.2,0.8,58.5,268.8,4.6,7.5,64.8,0.7,0.8,1.5,20.9,35.0,59.6,220.6,1.9,35.6,134.4,3.8,0.9,70.6,355.0,5.0,7.6,62.4,0.6,0.6,1.1,19.1,33.0,58.0,188.4,1.0,28.0,122.4,4.4,1.0,61.0,310.9,5.1,6.1,60.3,0.3,1.6,1.9
17.1,28.4,60.3,197.0,2.0,34.1,150.0,4.4,1.4,62.6,347.0,5.5,5.1,45.0,1.3,0.1,1.4,24.6,37.0,66.4,333.0,2.9,34.1,160.7,4.7,2.1,71.1,493.7,6.9,6.0,52.3,0.9,0.4,1.3,20.8,31.5,66.1,292.8,3.3,39.8,147.7,3.7,1.7,71.3,440.5,6.2,4.7,43.0,0.2,0.3,0.5,18.8,32.7,57.7,235.3,2.3,38.7,149.7,3.9,0.7,71.3,385.0,5.4,6.5,56.7,1.0,0.8,1.8
20.8,31.5,66.1,292.8,3.3,39.8,147.7,3.7,1.7,71.3,440.5,6.2,4.7,43.0,0.2,0.3,0.5,18.8,32.7,57.7,235.3,2.3,38.7,149.7,3.9,0.7,71.3,385.0,5.4,6.5,56.7,1.0,0.8,1.8,15.6,29.7,52.4,223.4,1.7,40.3,180.4,4.5,2.1,70.0,403.9,5.8,6.4,57.9,0.7,1.6,2.3,18.0,32.6,55.3,209.9,1.0,37.4,130.7,3.5,1.3,70.0,340.6,4.9,8.6,69.1,1.0,1.6,2.6
19.1,31.4,60.9,260.6,1.9,36.3,204.4,5.6,2.1,67.7,465.0,6.9,7.0,63.7,0.4,0.7,1.1,17.0,27.9,61.0,175.0,1.7,39.9,157.0,3.9,1.0,67.7,332.0,4.9,6.1,52.4,0.6,0.6,1.1,20.8,31.5,66.1,292.8,3.3,39.8,147.7,3.7,1.7,71.3,440.5,6.2,4.7,43.0,0.2,0.3,0.5,18.8,32.7,57.7,235.3,2.3,38.7,149.7,3.9,0.7,71.3,385.0,5.4,6.5,56.7,1.0,0.8,1.8
20.8,31.5,66.1,292.8,3.3,39.8,147.7,3.7,1.7,71.3,440.5,6.2,4.7,43.0,0.2,0.3,0.5,18.8,32.7,57.7,235.3,2.3,38.7,149.7,3.9,0.7,71.3,385.0,5.4,6.5,56.7,1.0,0.8,1.8,4.7,9.8,47.5,106.5,0.8,54.5,316.8,5.8,3.2,64.3,423.3,6.6,5.7,48.0,1.2,0.5,1.7,16.2,25.0,64.7,196.7,1.8,40.7,217.0,5.3,2.2,65.7,413.7,6.3,5.0,35.8,0.5,0.5,1.0
18.0,30.2,59.7,230.0,0.7,41.8,207.2,5.0,2.7,72.0,437.2,6.1,7.7,68.8,1.0,0.8,1.8,18.2,28.3,64.1,227.5,1.7,35.2,133.8,3.8,1.2,63.5,361.3,5.7,10.3,71.8,0.7,1.3,2.0,19.1,31.4,60.9,260.6,1.9,36.3,204.4,5.6,2.1,67.7,465.0,6.9,7.0,63.7,0.4,0.7,1.1,17.0,27.9,61.0,175.0,1.7,39.9,157.0,3.9,1.0,67.7,332.0,4.9,6.1,52.4,0.6,0.6,1.1
19.1,31.4,60.9,260.6,1.9,36.3,204.4,5.6,2.1,67.7,465.0,6.9,7.0,63.7,0.4,0.7,1.1,17.0,27.9,61.0,175.0,1.7,39.9,157.0,3.9,1.0,67.7,332.0,4.9,6.1,52.4,0.6,0.6,1.1,20.5,34.0,60.3,236.3,1.8,31.2,68.0,2.2,0.7,65.2,304.3,4.7,5.2,36.2,1.0,1.0,2.0,17.8,31.3,56.9,219.0,1.3,37.0,152.7,4.1,2.2,68.3,371.7,5.4,6.2,50.0,0.2,0.7,0.8
20.9,35.0,59.6,220.6,1.9,35.6,134.4,3.8,0.9,70.6,355.0,5.0,7.6,62.4,0.6,0.6,1.1,19.1,33.0,58.0,188.4,1.0,28.0,122.4,4.4,1.0,61.0,310.9,5.1,6.1,60.3,0.3,1.6,1.9,19.1,31.4,60.9,260.6,1.9,36.3,204.4,5.6,2.1,67.7,465.0,6.9,7.0,63.7,0.4,0.7,1.1,17.0,27.9,61.0,175.0,1.7,39.9,157.0,3.9,1.0,67.7,332.0,4.9,6.1,52.4,0.6,0.6,1.1
26.1,38.6,67.8,309.0,2.4,33.6,165.7,4.9,1.9,72.1,474.7,6.6,4.3,32.0,0.3,0.7,1.0,19.7,30.3,65.1,278.3,1.9,35.4,109.9,3.1,1.0,65.7,388.1,5.9,6.1,55.6,0.6,0.7,1.3,20.9,35.0,59.6,220.6,1.9,35.6,134.4,3.8,0.9,70.6,355.0,5.0,7.6,62.4,0.6,0.6,1.1,19.1,33.0,58.0,188.4,1.0,28.0,122.4,4.4,1.0,61.0,310.9,5.1,6.1,60.3,0.3,1.6,1.9
20.9,35.0,59.6,220.6,1.9,35.6,134.4,3.8,0.9,70.6,355.0,5.0,7.6,62.4,0.6,0.6,1.1,19.1,33.0,58.0,188.4,1.0,28.0,122.4,4.4,1.0,61.0,310.9,5.1,6.1,60.3,0.3,1.6,1.9,33.0,50.7,65.1,365.0,2.5,36.3,119.2,3.3,1.8,87.0,484.2,5.6,6.3,49.8,0.5,1.7,2.2,16.5,30.0,55.0,220.5,1.2,36.2,146.5,4.1,1.7,66.2,367.0,5.5,6.8,63.5,0.7,0.3,1.0
20.9,35.0,59.6,220.6,1.9,35.6,134.4,3.8,0.9,70.6,355.0,5.0,7.6,62.4,0.6,0.6,1.1,19.1,33.0,58.0,188.4,1.0,28.0,122.4,4.4,1.0,61.0,310.9,5.1,6.1,60.3,0.3,1.6,1.9,12.4,21.0,58.9,103.1,1.0,41.0,186.9,4.6,1.3,62.0,290.0,4.7,5.9,50.0,1.1,0.5,1.6,21.6,32.8,66.0,238.5,1.4,37.0,156.0,4.2,2.0,69.8,394.5,5.7,4.4,37.4,0.5,0.9,1.4
18.0,30.2,59.7,230.0,0.7,41.8,207.2,5.0,2.7,72.0,437.2,6.1,7.7,68.8,1.0,0.8,1.8,18.2,28.3,64.1,227.5,1.7,35.2,133.8,3.8,1.2,63.5,361.3,5.7,10.3,71.8,0.7,1.3,2.0,14.6,26.6,54.8,181.1,1.1,34.4,172.0,5.0,2.0,61.0,353.1,5.8,5.0,39.7,0.7,0.9,1.6,21.7,31.0,70.0,267.0,1.9,38.7,220.9,5.7,2.9,69.7,487.9,7.0,4.4,37.7,0.9,0.9,1.7
20.5,34.0,60.3,236.3,1.8,31.2,68.0,2.2,0.7,65.2,304.3,4.7,5.2,36.2,1.0,1.0,2.0,17.8,31.3,56.9,219.0,1.3,37.0,152.7,4.1,2.2,68.3,371.7,5.4,6.2,50.0,0.2,0.7,0.8,18.0,30.2,59.7,230.0,0.7,41.8,207.2,5.0,2.7,72.0,437.2,6.1,7.7,68.8,1.0,0.8,1.8,18.2,28.3,64.1,227.5,1.7,35.2,133.8,3.8,1.2,63.5,361.3,5.7,10.3,71.8,0.7,1.3,2.0
19.3,35.5,54.5,227.2,0.8,32.5,129.7,4.0,1.3,68.0,356.8,5.2,7.5,71.3,1.3,1.2,2.5,20.0,30.5,65.6,212.0,1.2,40.7,163.0,4.0,1.5,71.2,375.0,5.3,7.0,64.2,1.2,0.7,1.8,18.0,30.2,59.7,230.0,0.7,41.8,207.2,5.0,2.7,72.0,437.2,6.1,7.7,68.8,1.0,0.8,1.8,18.2,28.3,64.1,227.5,1.7,35.2,133.8,3.8,1.2,63.5,361.3,5.7,10.3,71.8,0.7,1.3,2.0
20.5,34.0,60.3,236.3,1.8,31.2,68.0,2.2,0.7,65.2,304.3,4.7,5.2,36.2,1.0,1.0,2.0,17.8,31.3,56.9,219.0,1.3,37.0,152.7,4.1,2.2,68.3,371.7,5.4,6.2,50.0,0.2,0.7,0.8,15.0,27.3,54.9,173.2,1.0,39.2,160.8,4.1,1.5,66.5,334.0,5.0,8.2,69.2,0.3,1.3,1.7,17.3,29.2,59.4,194.2,1.5,31.7,91.7,2.9,1.2,60.8,285.8,4.7,6.7,50.0,0.3,1.3,1.7
21.0,35.6,59.0,214.6,1.0,34.0,107.3,3.2,1.1,69.6,321.9,4.6,8.1,67.9,0.4,1.0,1.4,19.7,33.4,59.0,222.7,1.0,33.1,133.9,4.0,1.6,66.6,356.6,5.4,7.1,64.1,0.4,0.3,0.7,20.5,34.0,60.3,236.3,1.8,31.2,68.0,2.2,0.7,65.2,304.3,4.7,5.2,36.2,1.0,1.0,2.0,17.8,31.3,56.9,219.0,1.3,37.0,152.7,4.1,2.2,68.3,371.7,5.4,6.2,50.0,0.2,0.7,0.8
22.3,33.8,66.0,287.3,3.2,35.0,162.5,4.6,1.7,68.8,449.8,6.5,6.5,59.8,0.3,0.5,0.8,17.7,27.7,63.9,215.3,1.3,36.0,122.5,3.4,1.8,63.7,337.8,5.3,6.2,55.0,1.0,0.5,1.5,23.3,34.0,68.5,326.7,3.4,36.7,179.3,4.9,2.0,70.7,506.0,7.2,7.1,62.3,0.9,0.4,1.3,25.0,36.6,68.4,290.0,2.6,39.4,186.3,4.7,1.7,76.0,476.3,6.3,6.7,57.6,0.4,0.7,1.1
13.8,24.8,55.7,202.3,2.0,47.0,234.3,5.0,1.7,71.8,436.7,6.1,8.0,70.8,0.7,0.8,1.5,20.7,32.0,64.6,258.3,2.2,41.3,180.0,4.4,1.7,73.3,438.3,6.0,4.5,48.3,0.8,1.7,2.5,23.3,34.0,68.5,326.7,3.4,36.7,179.3,4.9,2.0,70.7,506.0,7.2,7.1,62.3,0.9,0.4,1.3,25.0,36.6,68.4,290.0,2.6,39.4,186.3,4.7,1.7,76.0,476.3,6.3,6.7,57.6,0.4,0.7,1.1
23.3,34.0,68.5,326.7,3.4,36.7,179.3,4.9,2.0,70.7,506.0,7.2,7.1,62.3,0.9,0.4,1.3,25.0,36.6,68.4,290.0,2.6,39.4,186.3,4.7,1.7,76.0,476.3,6.3,6.7,57.6,0.4,0.7,1.1,17.8,28.0,63.7,208.3,1.7,39.7,170.7,4.3,1.3,67.7,379.0,5.6,4.3,38.8,0.7,0.7,1.3,18.0,30.0,60.0,210.2,1.8,35.8,138.3,3.9,0.8,65.8,348.5,5.3,5.2,43.2,0.2,0.2,0.3
23.3,34.0,68.5,326.7,3.4,36.7,179.3,4.9,2.0,70.7,506.0,7.2,7.1,62.3,0.9,0.4,1.3,25.0,36.6,68.4,290.0,2.6,39.4,186.3,4.7,1.7,76.0,476.3,6.3,6.7,57.6,0.4,0.7,1.1,21.0,35.6,59.0,214.6,1.0,34.0,107.3,3.2,1.1,69.6,321.9,4.6,8.1,67.9,0.4,1.0,1.4,19.7,33.4,59.0,222.7,1.0,33.1,133.9,4.0,1.6,66.6,356.6,5.4,7.1,64.1,0.4,0.3,0.7
19.3,29.3,65.9,228.6,1.3,37.6,205.9,5.5,2.6,66.9,434.4,6.5,6.1,61.0,0.0,0.6,0.6,21.9,35.1,62.2,260.6,1.9,34.3,142.9,4.2,0.9,69.4,403.4,5.8,5.9,61.4,1.4,0.3,1.7,23.3,34.0,68.5,326.7,3.4,36.7,179.3,4.9,2.0,70.7,506.0,7.2,7.1,62.3,0.9,0.4,1.3,25.0,36.6,68.4,290.0,2.6,39.4,186.3,4.7,1.7,76.0,476.3,6.3,6.7,57.6,0.4,0.7,1.1
17.5,30.0,58.3,178.8,0.8,35.0,150.8,4.3,1.0,65.0,329.7,5.1,6.3,58.8,0.3,0.3,0.7,18.8,32.7,57.7,208.5,1.3,43.7,181.0,4.1,1.7,76.3,389.5,5.1,6.3,51.7,0.8,1.2,2.0,19.3,29.3,65.9,228.6,1.3,37.6,205.9,5.5,2.6,66.9,434.4,6.5,6.1,61.0,0.0,0.6,0.6,21.9,35.1,62.2,260.6,1.9,34.3,142.9,4.2,0.9,69.4,403.4,5.8,5.9,61.4,1.4,0.3,1.7
19.3,29.3,65.9,228.6,1.3,37.6,205.9,5.5,2.6,66.9,434.4,6.5,6.1,61.0,0.0,0.6,0.6,21.9,35.1,62.2,260.6,1.9,34.3,142.9,4.2,0.9,69.4,403.4,5.8,5.9,61.4,1.4,0.3,1.7,17.7,32.3,54.6,204.8,1.0,30.3,79.7,2.6,0.7,62.7,284.5,4.5,4.8,42.0,1.2,1.0,2.2,17.5,27.2,64.4,196.3,1.5,41.0,160.0,3.9,1.5,68.2,356.3,5.2,6.3,49.5,0.2,0.3,0.5
25.5,43.8,58.2,282.0,1.2,35.2,112.3,3.2,1.2,79.0,394.3,5.0,4.7,42.2,1.7,1.0,2.7,16.8,28.7,58.7,230.0,2.2,40.2,176.0,4.4,1.5,68.8,406.0,5.9,5.5,49.5,0.8,0.8,1.7,19.3,29.3,65.9,228.6,1.3,37.6,205.9,5.5,2.6,66.9,434.4,6.5,6.1,61.0,0.0,0.6,0.6,21.9,35.1,62.2,260.6,1.9,34.3,142.9,4.2,0.9,69.4,403.4,5.8,5.9,61.4,1.4,0.3,1.7
16.0,24.3,65.9,231.9,2.7,36.0,208.0,5.8,2.6,60.3,439.9,7.3,5.1,52.0,0.7,0.6,1.3,24.3,36.6,66.4,293.7,1.7,39.0,145.7,3.7,2.0,75.6,439.4,5.8,5.3,40.9,0.9,0.9,1.7,19.3,29.3,65.9,228.6,1.3,37.6,205.9,5.5,2.6,66.9,434.4,6.5,6.1,61.0,0.0,0.6,0.6,21.9,35.1,62.2,260.6,1.9,34.3,142.9,4.2,0.9,69.4,403.4,5.8,5.9,61.4,1.4,0.3,1.7
19.3,29.3,65.9,228.6,1.3,37.6,205.9,5.5,2.6,66.9,434.4,6.5,6.1,61.0,0.0,0.6,0.6,21.9,35.1,62.2,260.6,1.9,34.3,142.9,4.2,0.9,69.4,403.4,5.8,5.9,61.4,1.4,0.3,1.7,19.3,35.5,54.5,227.2,0.8,32.5,129.7,4.0,1.3,68.0,356.8,5.2,7.5,71.3,1.3,1.2,2.5,20.0,30.5,65.6,212.0,1.2,40.7,163.0,4.0,1.5,71.2,375.0,5.3,7.0,64.2,1.2,0.7,1.8
19.0,32.8,57.9,242.0,2.0,28.3,113.5,4.0,1.2,61.2,355.5,5.8,8.2,76.8,1.0,0.3,1.3,22.2,35.7,62.1,278.3,1.7,43.2,172.7,4.0,1.5,78.8,451.0,5.7,7.7,65.8,1.0,1.2,2.2,21.0,35.6,59.0,214.6,1.0,34.0,107.3,3.2,1.1,69.6,321.9,4.6,8.1,67.9,0.4,1.0,1.4,19.7,33.4,59.0,222.7,1.0,33.1,133.9,4.0,1.6,66.6,356.6,5.4,7.1,64.1,0.4,0.3,0.7
21.0,35.6,59.0,214.6,1.0,34.0,107.3,3.2,1.1,69.6,321.9,4.6,8.1,67.9,0.4,1.0,1.4,19.7,33.4,59.0,222.7,1.0,33.1,133.9,4.0,1.6,66.6,356.6,5.4,7.1,64.1,0.4,0.3,0.7,25.0,39.0,64.1,271.0,1.8,38.2,191.3,5.0,2.7,77.2,462.3,6.0,6.5,55.7,0.5,0.5,1.0,17.2,29.3,58.5,262.5,2.0,31.8,112.0,3.5,1.7,61.2,374.5,6.1,7.5,70.0,0.7,0.3,1.0
22.3,31.7,70.3,216.9,1.4,45.3,198.9,4.4,1.3,77.0,415.7,5.4,7.0,65.6,1.3,0.4,1.7,13.3,30.3,43.9,143.3,0.3,28.1,77.9,2.8,0.4,58.4,221.1,3.8,4.7,42.0,0.7,1.7,2.4,19.3,35.5,54.5,227.2,0.8,32.5,129.7,4.0,1.3,68.0,356.8,5.2,7.5,71.3,1.3,1.2,2.5,20.0,30.5,65.6,212.0,1.2,40.7,163.0,4.0,1.5,71.2,375.0,5.3,7.0,64.2,1.2,0.7,1.8
19.3,35.5,54.5,227.2,0.8,32.5,129.7,4.0,1.3,68.0,356.8,5.2,7.5,71.3,1.3,1.2,2.5,20.0,30.5,65.6,212.0,1.2,40.7,163.0,4.0,1.5,71.2,375.0,5.3,7.0,64.2,1.2,0.7,1.8,19.0,32.8,57.9,242.0,2.0,28.3,113.5,4.0,1.2,61.2,355.5,5.8,8.2,76.8,1.0,0.3,1.3,22.2,35.7,62.1,278.3,1.7,43.2,172.7,4.0,1.5,78.8,451.0,5.7,7.7,65.8,1.0,1.2,2.2
19.6,29.3,66.8,266.1,2.0,40.1,154.1,3.8,2.3,69.4,420.3,6.1,4.3,34.6,0.7,0.4,1.1,16.4,27.0,60.8,166.4,1.3,36.9,132.7,3.6,0.4,63.9,299.1,4.7,6.4,52.9,0.4,0.9,1.3,8.0,17.7,45.2,76.1,0.1,47.6,166.9,3.5,0.9,65.3,243.0,3.7,8.6,73.7,0.3,1.1,1.4,14.3,26.4,54.1,202.9,1.7,38.7,182.6,4.7,2.4,65.1,385.4,5.9,5.6,48.1,0.7,1.1,1.9
15.2,23.8,63.6,158.8,0.7,42.7,244.5,5.7,2.5,66.5,403.3,6.1,5.2,39.0,0.5,0.0,0.5,21.3,36.0,59.3,221.7,1.2,33.7,132.8,3.9,0.5,69.7,354.5,5.1,6.8,52.2,0.3,1.5,1.8,19.6,29.3,66.8,266.1,2.0,40.1,154.1,3.8,2.3,69.4,420.3,6.1,4.3,34.6,0.7,0.4,1.1,16.4,27.0,60.8,166.4,1.3,36.9,132.7,3.6,0.4,63.9,299.1,4.7,6.4,52.9,0.4,0.9,1.3
19.6,29.3,66.8,266.1,2.0,40.1,154.1,3.8,2.3,69.4,420.3,6.1,4.3,34.6,0.7,0.4,1.1,16.4,27.0,60.8,166.4,1.3,36.9,132.7,3.6,0.4,63.9,299.1,4.7,6.4,52.9,0.4,0.9,1.3,15.3,27.0,56.8,212.0,1.5,34.7,124.7,3.6,1.2,61.7,336.7,5.5,7.3,63.3,0.8,1.5,2.3,19.8,31.7,62.6,236.2,1.3,39.5,131.5,3.3,1.2,71.2,367.7,5.2,7.2,63.3,0.2,1.3,1.5
23.5,36.5,64.4,261.2,2.0,35.8,141.5,3.9,1.3,72.3,402.7,5.6,9.8,88.2,0.7,0.7,1.3,23.5,37.8,62.1,275.0,2.3,34.8,139.0,4.0,1.5,72.7,414.0,5.7,4.0,37.2,0.5,0.8,1.3,19.6,29.3,66.8,266.1,2.0,40.1,154.1,3.8,2.3,69.4,420.3,6.1,4.3,34.6,0.7,0.4,1.1,16.4,27.0,60.8,166.4,1.3,36.9,132.7,3.6,0.4,63.9,299.1,4.7,6.4,52.9,0.4,0.9,1.3
19.6,29.3,66.8,266.1,2.0,40.1,154.1,3.8,2.3,69.4,420.3,6.1,4.3,34.6,0.7,0.4,1.1,16.4,27.0,60.8,166.4,1.3,36.9,132.7,3.6,0.4,63.9,299.1,4.7,6.4,52.9,0.4,0.9,1.3,26.1,38.6,67.8,309.0,2.4,33.6,165.7,4.9,1.9,72.1,474.7,6.6,4.3,32.0,0.3,0.7,1.0,19.7,30.3,65.1,278.3,1.9,35.4,109.9,3.1,1.0,65.7,388.1,5.9,6.1,55.6,0.6,0.7,1.3
14.6,26.6,54.8,181.1,1.1,34.4,172.0,5.0,2.0,61.0,353.1,5.8,5.0,39.7,0.7,0.9,1.6,21.7,31.0,70.0,267.0,1.9,38.7,220.9,5.7,2.9,69.7,487.9,7.0,4.4,37.7,0.9,0.9,1.7,19.6,29.3,66.8,266.1,2.0,40.1,154.1,3.8,2.3,69.4,420.3,6.1,4.3,34.6,0.7,0.4,1.1,16.4,27.0,60.8,166.4,1.3,36.9,132.7,3.6,0.4,63.9,299.1,4.7,6.4,52.9,0.4,0.9,1.3
17.6,27.7,63.4,248.6,2.1,48.1,240.0,5.0,2.0,75.9,488.6,6.4,7.0,69.3,0.9,0.4,1.3,22.0,36.9,59.7,315.7,1.9,33.4,142.0,4.2,2.4,70.3,457.7,6.5,7.1,61.4,0.7,0.6,1.3,21.3,32.0,66.7,278.7,2.5,32.7,156.8,4.8,2.0,64.7,435.5,6.7,8.8,79.2,0.7,1.0,1.7,15.8,31.0,51.1,186.3,1.5,44.7,126.8,2.8,1.2,75.7,313.2,4.1,4.5,41.8,0.7,1.0,1.7
21.3,32.0,66.7,278.7,2.5,32.7,156.8,4.8,2.0,64.7,435.5,6.7,8.8,79.2,0.7,1.0,1.7,15.8,31.0,51.1,186.3,1.5,44.7,126.8,2.8,1.2,75.7,313.2,4.1,4.5,41.8,0.7,1.0,1.7,26.4,48.3,54.7,273.1,1.7,30.7,83.0,2.7,1.1,79.0,356.1,4.5,5.1,48.4,0.7,1.1,1.9,23.1,35.6,65.1,280.4,2.6,42.1,150.0,3.6,1.1,77.7,430.4,5.5,9.0,83.9,0.7,0.7,1.4
22.7,38.3,59.1,327.8,2.7,35.2,109.2,3.1,1.5,73.5,437.0,5.9,6.7,65.2,0.7,1.2,1.8,12.5,22.8,54.7,159.5,1.7,46.0,239.7,5.2,2.2,68.8,399.2,5.8,7.0,68.3,0.8,0.5,1.3,21.3,32.0,66.7,278.7,2.5,32.7,156.8,4.8,2.0,64.7,435.5,6.7,8.8,79.2,0.7,1.0,1.7,15.8,31.0,51.1,186.3,1.5,44.7,126.8,2.8,1.2,75.7,313.2,4.1,4.5,41.8,0.7,1.0,1.7
21.3,32.0,66.7,278.7,2.5,32.7,156.8,4.8,2.0,64.7,435.5,6.7,8.8,79.2,0.7,1.0,1.7,15.8,31.0,51.1,186.3,1.5,44.7,126.8,2.8,1.2,75.7,313.2,4.1,4.5,41.8,0.7,1.0,1.7,14.6,26.6,54.8,181.1,1.1,34.4,172.0,5.0,2.0,61.0,353.1,5.8,5.0,39.7,0.7,0.9,1.6,21.7,31.0,70.0,267.0,1.9,38.7,220.9,5.7,2.9,69.7,487.9,7.0,4.4,37.7,0.9,0.9,1.7
26.1,38.6,67.8,309.0,2.4,33.6,165.7,4.9,1.9,72.1,474.7,6.6,4.3,32.0,0.3,0.7,1.0,19.7,30.3,65.1,278.3,1.9,35.4,109.9,3.1,1.0,65.7,388.1,5.9,6.1,55.6,0.6,0.7,1.3,19.0,32.8,57.9,242.0,2.0,28.3,113.5,4.0,1.2,61.2,355.5,5.8,8.2,76.8,1.0,0.3,1.3,22.2,35.7,62.1,278.3,1.7,43.2,172.7,4.0,1.5,78.8,451.0,5.7,7.7,65.8,1.0,1.2,2.2
26.1,38.6,67.8,309.0,2.4,33.6,165.7,4.9,1.9,72.1,474.7,6.6,4.3,32.0,0.3,0.7,1.0,19.7,30.3,65.1,278.3,1.9,35.4,109.9,3.1,1.0,65.7,388.1,5.9,6.1,55.6,0.6,0.7,1.3,6.2,14.5,42.5,114.3,0.8,61.5,255.2,4.1,2.0,76.0,369.5,4.9,3.8,33.0,1.2,0.5,1.7,18.7,28.2,66.3,274.5,2.0,29.2,89.5,3.1,0.8,57.3,364.0,6.3,6.2,53.2,0.8,0.7,1.5
26.1,38.6,67.8,309.0,2.4,33.6,165.7,4.9,1.9,72.1,474.7,6.6,4.3,32.0,0.3,0.7,1.0,19.7,30.3,65.1,278.3,1.9,35.4,109.9,3.1,1.0,65.7,388.1,5.9,6.1,55.6,0.6,0.7,1.3,14.6,26.6,54.8,181.1,1.1,34.4,172.0,5.0,2.0,61.0,353.1,5.8,5.0,39.7,0.7,0.9,1.6,21.7,31.0,70.0,267.0,1.9,38.7,220.9,5.7,2.9,69.7,487.9,7.0,4.4,37.7,0.9,0.9,1.7
26.1,38.6,67.8,309.0,2.4,33.6,165.7,4.9,1.9,72.1,474.7,6.6,4.3,32.0,0.3,0.7,1.0,19.7,30.3,65.1,278.3,1.9,35.4,109.9,3.1,1.0,65.7,388.1,5.9,6.1,55.6,0.6,0.7,1.3,22.0,34.0,64.7,280.7,1.9,37.4,139.1,3.7,2.1,71.4,419.9,5.9,4.9,42.0,0.4,0.4,0.9,24.7,39.1,63.1,301.4,2.1,34.4,118.1,3.4,1.6,73.6,419.6,5.7,5.3,45.4,0.6,1.3,1.9
33.1,46.4,71.4,334.6,3.3,23.0,93.0,4.0,1.1,69.4,427.6,6.2,6.9,71.0,0.7,0.6,1.3,19.9,33.7,58.9,222.3,1.1,33.3,152.9,4.6,1.6,67.0,375.1,5.6,7.1,51.6,0.7,1.3,2.0,22.0,34.0,64.7,280.7,1.9,37.4,139.1,3.7,2.1,71.4,419.9,5.9,4.9,42.0,0.4,0.4,0.9,24.7,39.1,63.1,301.4,2.1,34.4,118.1,3.4,1.6,73.6,419.6,5.7,5.3,45.4,0.6,1.3,1.9
6.2,14.5,42.5,114.3,0.8,61.5,255.2,4.1,2.0,76.0,369.5,4.9,3.8,33.0,1.2,0.5,1.7,18.7,28.2,66.3,274.5,2.0,29.2,89.5,3.1,0.8,57.3,364.0,6.3,6.2,53.2,0.8,0.7,1.5,22.0,34.0,64.7,280.7,1.9,37.4,139.1,3.7,2.1,71.4,419.9,5.9,4.9,42.0,0.4,0.4,0.9,24.7,39.1,63.1,301.4,2.1,34.4,118.1,3.4,1.6,73.6,419.6,5.7,5.3,45.4,0.6,1.3,1.9
22.0,34.0,64.7,280.7,1.9,37.4,139.1,3.7,2.1,71.4,419.9,5.9,4.9,42.0,0.4,0.4,0.9,24.7,39.1,63.1,301.4,2.1,34.4,118.1,3.4,1.6,73.6,419.6,5.7,5.3,45.4,0.6,1.3,1.9,22.7,32.9,69.1,250.4,1.6,38.4,110.0,2.9,1.9,71.3,360.4,5.1,6.7,61.6,0.4,0.1,0.6,16.9,27.9,60.5,252.9,2.3,35.3,140.0,4.0,1.7,63.1,392.9,6.2,7.7,74.7,0.4,0.4,0.9
22.0,34.0,64.7,280.7,1.9,37.4,139.1,3.7,2.1,71.4,419.9,5.9,4.9,42.0,0.4,0.4,0.9,24.7,39.1,63.1,301.4,2.1,34.4,118.1,3.4,1.6,73.6,419.6,5.7,5.3,45.4,0.6,1.3,1.9,16.4,29.9,55.0,252.6,2.4,43.3,251.3,5.8,1.9,73.1,503.9,6.9,5.7,49.9,0.6,1.3,1.9,22.4,36.3,61.8,289.9,2.0,38.7,178.4,4.6,1.9,75.0,468.3,6.2,5.9,56.7,0.6,0.4,1.0
22.0,34.0,64.7,280.7,1.9,37.4,139.1,3.7,2.1,71.4,419.9,5.9,4.9,42.0,0.4,0.4,0.9,24.7,39.1,63.1,301.4,2.1,34.4,118.1,3.4,1.6,73.6,419.6,5.7,5.3,45.4,0.6,1.3,1.9,17.7,32.3,54.6,204.8,1.0,30.3,79.7,2.6,0.7,62.7,284.5,4.5,4.8,42.0,1.2,1.0,2.2,17.5,27.2,64.4,196.3,1.5,41.0,160.0,3.9,1.5,68.2,356.3,5.2,6.3,49.5,0.2,0.3,0.5
22.0,34.0,64.7,280.7,1.9,37.4,139.1,3.7,2.1,71.4,419.9,5.9,4.9,42.0,0.4,0.4,0.9,24.7,39.1,63.1,301.4,2.1,34.4,118.1,3.4,1.6,73.6,419.6,5.7,5.3,45.4,0.6,1.3,1.9,23.5,36.5,64.4,261.2,2.0,35.8,141.5,3.9,1.3,72.3,402.7,5.6,9.8,88.2,0.7,0.7,1.3,23.5,37.8,62.1,275.0,2.3,34.8,139.0,4.0,1.5,72.7,414.0,5.7,4.0,37.2,0.5,0.8,1.3
33.0,50.7,65.1,365.0,2.5,36.3,119.2,3.3,1.8,87.0,484.2,5.6,6.3,49.8,0.5,1.7,2.2,16.5,30.0,55.0,220.5,1.2,36.2,146.5,4.1,1.7,66.2,367.0,5.5,6.8,63.5,0.7,0.3,1.0,23.5,36.5,64.4,261.2,2.0,35.8,141.5,3.9,1.3,72.3,402.7,5.6,9.8,88.2,0.7,0.7,1.3,23.5,37.8,62.1,275.0,2.3,34.8,139.0,4.0,1.5,72.7,414.0,5.7,4.0,37.2,0.5,0.8,1.3
23.5,36.5,64.4,261.2,2.0,35.8,141.5,3.9,1.3,72.3,402.7,5.6,9.8,88.2,0.7,0.7,1.3,23.5,37.8,62.1,275.0,2.3,34.8,139.0,4.0,1.5,72.7,414.0,5.7,4.0,37.2,0.5,0.8,1.3,16.0,24.3,65.9,231.9,2.7,36.0,208.0,5.8,2.6,60.3,439.9,7.3,5.1,52.0,0.7,0.6,1.3,24.3,36.6,66.4,293.7,1.7,39.0,145.7,3.7,2.0,75.6,439.4,5.8,5.3,40.9,0.9,0.9,1.7
23.5,36.5,64.4,261.2,2.0,35.8,141.5,3.9,1.3,72.3,402.7,5.6,9.8,88.2,0.7,0.7,1.3,23.5,37.8,62.1,275.0,2.3,34.8,139.0,4.0,1.5,72.7,414.0,5.7,4.0,37.2,0.5,0.8,1.3,17.7,30.0,58.9,225.0,1.7,34.2,127.0,3.7,1.7,64.2,352.0,5.5,6.2,57.8,0.3,1.8,2.2,15.8,25.8,61.3,191.3,1.3,33.2,153.7,4.6,1.5,59.0,345.0,5.8,8.3,76.0,0.8,0.8,1.7
3.4,7.3,47.1,80.4,0.9,60.7,359.9,5.9,3.3,68.0,440.3,6.5,3.7,29.9,1.1,0.1,1.3,13.4,22.0,61.0,155.9,0.9,29.0,128.0,4.4,1.1,51.0,283.9,5.6,3.7,29.7,0.9,0.7,1.6,6.2,14.5,42.5,114.3,0.8,61.5,255.2,4.1,2.0,76.0,369.5,4.9,3.8,33.0,1.2,0.5,1.7,18.7,28.2,66.3,274.5,2.0,29.2,89.5,3.1,0.8,57.3,364.0,6.3,6.2,53.2,0.8,0.7,1.5
6.2,14.5,42.5,114.3,0.8,61.5,255.2,4.1,2.0,76.0,369.5,4.9,3.8,33.0,1.2,0.5,1.7,18.7,28.2,66.3,274.5,2.0,29.2,89.5,3.1,0.8,57.3,364.0,6.3,6.2,53.2,0.8,0.7,1.5,22.7,38.3,59.1,327.8,2.7,35.2,109.2,3.1,1.5,73.5,437.0,5.9,6.7,65.2,0.7,1.2,1.8,12.5,22.8,54.7,159.5,1.7,46.0,239.7,5.2,2.2,68.8,399.2,5.8,7.0,68.3,0.8,0.5,1.3
17.7,32.3,54.6,204.8,1.0,30.3,79.7,2.6,0.7,62.7,284.5,4.5,4.8,42.0,1.2,1.0,2.2,17.5,27.2,64.4,196.3,1.5,41.0,160.0,3.9,1.5,68.2,356.3,5.2,6.3,49.5,0.2,0.3,0.5,15.0,27.3,54.9,173.2,1.0,39.2,160.8,4.1,1.5,66.5,334.0,5.0,8.2,69.2,0.3,1.3,1.7,17.3,29.2,59.4,194.2,1.5,31.7,91.7,2.9,1.2,60.8,285.8,4.7,6.7,50.0,0.3,1.3,1.7
17.7,32.3,54.6,204.8,1.0,30.3,79.7,2.6,0.7,62.7,284.5,4.5,4.8,42.0,1.2,1.0,2.2,17.5,27.2,64.4,196.3,1.5,41.0,160.0,3.9,1.5,68.2,356.3,5.2,6.3,49.5,0.2,0.3,0.5,8.0,17.7,45.2,76.1,0.1,47.6,166.9,3.5,0.9,65.3,243.0,3.7,8.6,73.7,0.3,1.1,1.4,14.3,26.4,54.1,202.9,1.7,38.7,182.6,4.7,2.4,65.1,385.4,5.9,5.6,48.1,0.7,1.1,1.9
13.4,24.7,54.3,147.1,1.3,36.3,150.1,4.1,0.7,61.0,297.3,4.9,4.1,37.1,0.4,0.4,0.9,20.3,33.6,60.4,240.4,1.9,36.3,147.4,4.1,1.4,69.9,387.9,5.6,6.6,61.6,0.7,0.6,1.3,22.7,38.3,59.1,327.8,2.7,35.2,109.2,3.1,1.5,73.5,437.0,5.9,6.7,65.2,0.7,1.2,1.8,12.5,22.8,54.7,159.5,1.7,46.0,239.7,5.2,2.2,68.8,399.2,5.8,7.0,68.3,0.8,0.5,1.3
22.7,38.3,59.1,327.8,2.7,35.2,109.2,3.1,1.5,73.5,437.0,5.9,6.7,65.2,0.7,1.2,1.8,12.5,22.8,54.7,159.5,1.7,46.0,239.7,5.2,2.2,68.8,399.2,5.8,7.0,68.3,0.8,0.5,1.3,17.7,28.4,62.3,207.7,1.9,40.3,193.0,4.8,2.1,68.7,400.7,5.8,6.0,54.4,0.1,1.0,1.1,20.9,31.9,65.5,278.0,3.3,33.6,116.1,3.5,0.9,65.4,394.1,6.0,4.9,44.1,0.6,0.9,1.4
14.9,26.3,56.5,217.0,1.0,33.6,212.7,6.3,2.9,59.9,429.7,7.2,5.3,36.6,0.4,1.0,1.4,19.9,30.6,65.0,244.3,1.1,41.4,185.0,4.5,2.1,72.0,429.3,6.0,5.1,41.9,1.0,0.9,1.9,14.6,26.6,54.8,181.1,1.1,34.4,172.0,5.0,2.0,61.0,353.1,5.8,5.0,39.7,0.7,0.9,1.6,21.7,31.0,70.0,267.0,1.9,38.7,220.9,5.7,2.9,69.7,487.9,7.0,4.4,37.7,0.9,0.9,1.7
14.6,26.6,54.8,181.1,1.1,34.4,172.0,5.0,2.0,61.0,353.1,5.8,5.0,39.7,0.7,0.9,1.6,21.7,31.0,70.0,267.0,1.9,38.7,220.9,5.7,2.9,69.7,487.9,7.0,4.4,37.7,0.9,0.9,1.7,26.1,38.6,67.8,309.0,2.4,33.6,165.7,4.9,1.9,72.1,474.7,6.6,4.3,32.0,0.3,0.7,1.0,19.7,30.3,65.1,278.3,1.9,35.4,109.9,3.1,1.0,65.7,388.1,5.9,6.1,55.6,0.6,0.7,1.3
17.2,32.0,53.6,171.7,0.8,32.5,113.8,3.5,0.8,64.5,285.5,4.4,4.7,41.7,1.3,0.5,1.8,18.8,29.7,63.5,222.5,2.2,40.3,251.0,6.2,2.7,70.0,473.5,6.8,5.5,46.7,0.8,0.3,1.2,22.7,32.3,70.1,297.5,2.7,36.2,229.2,6.3,3.3,68.5,526.7,7.7,4.8,45.7,0.5,0.2,0.7,19.2,36.3,52.8,264.8,1.5,37.0,135.2,3.7,1.7,73.3,400.0,5.5,5.0,41.5,0.3,1.0,1.3
22.7,32.3,70.1,297.5,2.7,36.2,229.2,6.3,3.3,68.5,526.7,7.7,4.8,45.7,0.5,0.2,0.7,19.2,36.3,52.8,264.8,1.5,37.0,135.2,3.7,1.7,73.3,400.0,5.5,5.0,41.5,0.3,1.0,1.3,19.0,30.3,62.7,249.3,2.0,44.3,222.6,5.0,2.4,74.6,471.9,6.3,6.1,56.7,0.6,0.4,1.0,20.7,32.7,63.3,239.7,1.9,43.3,207.4,4.8,2.3,76.0,447.1,5.9,5.0,41.9,0.3,0.9,1.1
16.0,24.3,65.9,231.9,2.7,36.0,208.0,5.8,2.6,60.3,439.9,7.3,5.1,52.0,0.7,0.6,1.3,24.3,36.6,66.4,293.7,1.7,39.0,145.7,3.7,2.0,75.6,439.4,5.8,5.3,40.9,0.9,0.9,1.7,22.7,32.3,70.1,297.5,2.7,36.2,229.2,6.3,3.3,68.5,526.7,7.7,4.8,45.7,0.5,0.2,0.7,19.2,36.3,52.8,264.8,1.5,37.0,135.2,3.7,1.7,73.3,400.0,5.5,5.0,41.5,0.3,1.0,1.3
22.7,32.3,70.1,297.5,2.7,36.2,229.2,6.3,3.3,68.5,526.7,7.7,4.8,45.7,0.5,0.2,0.7,19.2,36.3,52.8,264.8,1.5,37.0,135.2,3.7,1.7,73.3,400.0,5.5,5.0,41.5,0.3,1.0,1.3,22.2,38.0,58.3,299.8,2.5,38.8,155.7,4.0,2.5,76.8,455.5,5.9,4.5,41.0,0.3,0.7,1.0,25.7,42.8,59.9,301.0,2.0,36.8,136.3,3.7,1.5,79.7,437.3,5.5,5.3,51.3,0.3,0.7,1.0
15.2,23.8,63.6,158.8,0.7,42.7,244.5,5.7,2.5,66.5,403.3,6.1,5.2,39.0,0.5,0.0,0.5,21.3,36.0,59.3,221.7,1.2,33.7,132.8,3.9,0.5,69.7,354.5,5.1,6.8,52.2,0.3,1.5,1.8,18.7,29.5,63.3,207.7,0.8,38.2,166.5,4.4,1.7,67.7,374.2,5.5,7.8,66.2,0.7,1.3,2.0,16.8,29.5,57.1,191.5,0.8,34.2,138.3,4.0,1.5,63.7,329.8,5.2,4.7,37.3,0.8,0.8,1.7
19.0,30.3,62.7,249.3,2.0,44.3,222.6,5.0,2.4,74.6,471.9,6.3,6.1,56.7,0.6,0.4,1.0,20.7,32.7,63.3,239.7,1.9,43.3,207.4,4.8,2.3,76.0,447.1,5.9,5.0,41.9,0.3,0.9,1.1,15.2,23.8,63.6,158.8,0.7,42.7,244.5,5.7,2.5,66.5,403.3,6.1,5.2,39.0,0.5,0.0,0.5,21.3,36.0,59.3,221.7,1.2,33.7,132.8,3.9,0.5,69.7,354.5,5.1,6.8,52.2,0.3,1.5,1.8
15.2,23.8,63.6,158.8,0.7,42.7,244.5,5.7,2.5,66.5,403.3,6.1,5.2,39.0,0.5,0.0,0.5,21.3,36.0,59.3,221.7,1.2,33.7,132.8,3.9,0.5,69.7,354.5,5.1,6.8,52.2,0.3,1.5,1.8,33.0,50.7,65.1,365.0,2.5,36.3,119.2,3.3,1.8,87.0,484.2,5.6,6.3,49.8,0.5,1.7,2.2,16.5,30.0,55.0,220.5,1.2,36.2,146.5,4.1,1.7,66.2,367.0,5.5,6.8,63.5,0.7,0.3,1.0
26.0,38.4,67.7,267.9,1.9,31.1,101.7,3.3,0.9,69.6,369.6,5.3,5.7,48.0,0.6,1.0,1.6,15.9,27.4,57.8,184.4,1.3,31.9,105.3,3.3,0.6,59.3,289.7,4.9,5.0,41.6,0.9,0.6,1.4,15.2,23.8,63.6,158.8,0.7,42.7,244.5,5.7,2.5,66.5,403.3,6.1,5.2,39.0,0.5,0.0,0.5,21.3,36.0,59.3,221.7,1.2,33.7,132.8,3.9,0.5,69.7,354.5,5.1,6.8,52.2,0.3,1.5,1.8
19.7,28.7,68.7,253.7,2.3,36.1,179.9,5.0,1.9,64.9,433.6,6.7,5.3,41.3,0.1,0.4,0.6,24.1,36.9,65.5,228.7,1.0,36.1,118.7,3.3,1.1,73.0,347.4,4.8,7.1,51.9,0.1,0.7,0.9,17.4,25.4,68.5,213.6,1.4,38.0,132.6,3.5,1.6,63.4,346.1,5.5,5.1,47.6,0.6,0.6,1.1,21.9,32.3,67.7,272.0,1.9,34.9,149.3,4.3,2.1,67.1,421.3,6.3,7.0,68.6,0.1,0.7,0.9
19.7,28.7,68.7,253.7,2.3,36.1,179.9,5.0,1.9,64.9,433.6,6.7,5.3,41.3,0.1,0.4,0.6,24.1,36.9,65.5,228.7,1.0,36.1,118.7,3.3,1.1,73.0,347.4,4.8,7.1,51.9,0.1,0.7,0.9,22.1,33.6,66.0,276.3,3.0,36.1,236.7,6.5,2.3,69.7,513.0,7.4,9.4,79.9,0.9,0.7,1.6,17.0,31.1,54.6,197.6,1.1,35.9,98.4,2.7,0.9,67.0,296.0,4.4,6.4,47.1,0.6,0.4,1.0
33.0,50.7,65.1,365.0,2.5,36.3,119.2,3.3,1.8,87.0,484.2,5.6,6.3,49.8,0.5,1.7,2.2,16.5,30.0,55.0,220.5,1.2,36.2,146.5,4.1,1.7,66.2,367.0,5.5,6.8,63.5,0.7,0.3,1.0,19.7,28.7,68.7,253.7,2.3,36.1,179.9,5.0,1.9,64.9,433.6,6.7,5.3,41.3,0.1,0.4,0.6,24.1,36.9,65.5,228.7,1.0,36.1,118.7,3.3,1.1,73.0,347.4,4.8,7.1,51.9,0.1,0.7,0.9
19.7,28.7,68.7,253.7,2.3,36.1,179.9,5.0,1.9,64.9,433.6,6.7,5.3,41.3,0.1,0.4,0.6,24.1,36.9,65.5,228.7,1.0,36.1,118.7,3.3,1.1,73.0,347.4,4.8,7.1,51.9,0.1,0.7,0.9,25.0,39.0,64.1,271.0,1.8,38.2,191.3,5.0,2.7,77.2,462.3,6.0,6.5,55.7,0.5,0.5,1.0,17.2,29.3,58.5,262.5,2.0,31.8,112.0,3.5,1.7,61.2,374.5,6.1,7.5,70.0,0.7,0.3,1.0
19.7,28.7,68.7,253.7,2.3,36.1,179.9,5.0,1.9,64.9,433.6,6.7,5.3,41.3,0.1,0.4,0.6,24.1,36.9,65.5,228.7,1.0,36.1,118.7,3.3,1.1,73.0,347.4,4.8,7.1,51.9,0.1,0.7,0.9,19.0,30.3,62.7,249.3,2.0,44.3,222.6,5.0,2.4,74.6,471.9,6.3,6.1,56.7,0.6,0.4,1.0,20.7,32.7,63.3,239.7,1.9,43.3,207.4,4.8,2.3,76.0,447.1,5.9,5.0,41.9,0.3,0.9,1.1
19.7,28.7,68.7,253.7,2.3,36.1,179.9,5.0,1.9,64.9,433.6,6.7,5.3,41.3,0.1,0.4,0.6,24.1,36.9,65.5,228.7,1.0,36.1,118.7,3.3,1.1,73.0,347.4,4.8,7.1,51.9,0.1,0.7,0.9,26.0,38.4,67.7,267.9,1.9,31.1,101.7,3.3,0.9,69.6,369.6,5.3,5.7,48.0,0.6,1.0,1.6,15.9,27.4,57.8,184.4,1.3,31.9,105.3,3.3,0.6,59.3,289.7,4.9,5.0,41.6,0.9,0.6,1.4
22.2,38.0,58.3,299.8,2.5,38.8,155.7,4.0,2.5,76.8,455.5,5.9,4.5,41.0,0.3,0.7,1.0,25.7,42.8,59.9,301.0,2.0,36.8,136.3,3.7,1.5,79.7,437.3,5.5,5.3,51.3,0.3,0.7,1.0,22.9,41.1,55.6,258.3,1.9,36.1,134.3,3.7,1.6,77.3,392.6,5.1,7.3,67.3,1.4,0.6,2.0,21.3,35.3,60.3,244.0,2.0,36.9,124.3,3.4,1.9,72.1,368.3,5.1,5.1,44.1,0.9,0.3,1.1
22.2,38.0,58.3,299.8,2.5,38.8,155.7,4.0,2.5,76.8,455.5,5.9,4.5,41.0,0.3,0.7,1.0,25.7,42.8,59.9,301.0,2.0,36.8,136.3,3.7,1.5,79.7,437.3,5.5,5.3,51.3,0.3,0.7,1.0,18.5,28.7,64.5,217.0,1.2,31.7,136.3,4.3,1.8,60.3,353.3,5.9,7.8,75.8,0.7,0.7,1.3,22.5,35.0,64.3,241.7,1.3,38.0,166.8,4.4,2.3,73.0,408.5,5.6,5.7,50.7,0.0,1.2,1.2
20.8,31.0,67.2,277.2,2.0,39.5,184.7,4.7,3.0,70.5,461.8,6.6,5.7,49.8,0.7,0.7,1.3,21.5,34.8,61.7,233.2,1.3,34.5,116.8,3.4,1.2,69.3,350.0,5.0,6.3,53.3,0.3,0.7,1.0,22.2,38.0,58.3,299.8,2.5,38.8,155.7,4.0,2.5,76.8,455.5,5.9,4.5,41.0,0.3,0.7,1.0,25.7,42.8,59.9,301.0,2.0,36.8,136.3,3.7,1.5,79.7,437.3,5.5,5.3,51.3,0.3,0.7,1.0
22.2,38.0,58.3,299.8,2.5,38.8,155.7,4.0,2.5,76.8,455.5,5.9,4.5,41.0,0.3,0.7,1.0,25.7,42.8,59.9,301.0,2.0,36.8,136.3,3.7,1.5,79.7,437.3,5.5,5.3,51.3,0.3,0.7,1.0,33.0,50.7,65.1,365.0,2.5,36.3,119.2,3.3,1.8,87.0,484.2,5.6,6.3,49.8,0.5,1.7,2.2,16.5,30.0,55.0,220.5,1.2,36.2,146.5,4.1,1.7,66.2,367.0,5.5,6.8,63.5,0.7,0.3,1.0
25.0,39.0,64.1,271.0,1.8,38.2,191.3,5.0,2.7,77.2,462.3,6.0,6.5,55.7,0.5,0.5,1.0,17.2,29.3,58.5,262.5,2.0,31.8,112.0,3.5,1.7,61.2,374.5,6.1,7.5,70.0,0.7,0.3,1.0,16.0,24.3,65.9,231.9,2.7,36.0,208.0,5.8,2.6,60.3,439.9,7.3,5.1,52.0,0.7,0.6,1.3,24.3,36.6,66.4,293.7,1.7,39.0,145.7,3.7,2.0,75.6,439.4,5.8,5.3,40.9,0.9,0.9,1.7
16.0,24.3,65.9,231.9,2.7,36.0,208.0,5.8,2.6,60.3,439.9,7.3,5.1,52.0,0.7,0.6,1.3,24.3,36.6,66.4,293.7,1.7,39.0,145.7,3.7,2.0,75.6,439.4,5.8,5.3,40.9,0.9,0.9,1.7,26.0,38.4,67.7,267.9,1.9,31.1,101.7,3.3,0.9,69.6,369.6,5.3,5.7,48.0,0.6,1.0,1.6,15.9,27.4,57.8,184.4,1.3,31.9,105.3,3.3,0.6,59.3,289.7,4.9,5.0,41.6,0.9,0.6,1.4
19.0,30.3,62.7,249.3,2.0,44.3,222.6,5.0,2.4,74.6,471.9,6.3,6.1,56.7,0.6,0.4,1.0,20.7,32.7,63.3,239.7,1.9,43.3,207.4,4.8,2.3,76.0,447.1,5.9,5.0,41.9,0.3,0.9,1.1,16.0,24.3,65.9,231.9,2.7,36.0,208.0,5.8,2.6,60.3,439.9,7.3,5.1,52.0,0.7,0.6,1.3,24.3,36.6,66.4,293.7,1.7,39.0,145.7,3.7,2.0,75.6,439.4,5.8,5.3,40.9,0.9,0.9,1.7
20.8,31.0,67.2,277.2,2.0,39.5,184.7,4.7,3.0,70.5,461.8,6.6,5.7,49.8,0.7,0.7,1.3,21.5,34.8,61.7,233.2,1.3,34.5,116.8,3.4,1.2,69.3,350.0,5.0,6.3,53.3,0.3,0.7,1.0,22.9,36.3,63.0,242.1,2.0,33.0,95.9,2.9,0.6,69.3,338.0,4.9,5.7,50.9,0.9,1.0,1.9,23.1,35.1,65.9,236.7,0.9,32.4,124.1,3.8,2.0,67.6,360.9,5.3,5.7,55.1,0.7,1.0,1.7
26.0,38.4,67.7,267.9,1.9,31.1,101.7,3.3,0.9,69.6,369.6,5.3,5.7,48.0,0.6,1.0,1.6,15.9,27.4,57.8,184.4,1.3,31.9,105.3,3.3,0.6,59.3,289.7,4.9,5.0,41.6,0.9,0.6,1.4,20.8,31.0,67.2,277.2,2.0,39.5,184.7,4.7,3.0,70.5,461.8,6.6,5.7,49.8,0.7,0.7,1.3,21.5,34.8,61.7,233.2,1.3,34.5,116.8,3.4,1.2,69.3,350.0,5.0,6.3,53.3,0.3,0.7,1.0
25.0,39.0,64.1,271.0,1.8,38.2,191.3,5.0,2.7,77.2,462.3,6.0,6.5,55.7,0.5,0.5,1.0,17.2,29.3,58.5,262.5,2.0,31.8,112.0,3.5,1.7,61.2,374.5,6.1,7.5,70.0,0.7,0.3,1.0,20.8,31.0,67.2,277.2,2.0,39.5,184.7,4.7,3.0,70.5,461.8,6.6,5.7,49.8,0.7,0.7,1.3,21.5,34.8,61.7,233.2,1.3,34.5,116.8,3.4,1.2,69.3,350.0,5.0,6.3,53.3,0.3,0.7,1.0
19.0,30.3,62.7,249.3,2.0,44.3,222.6,5.0,2.4,74.6,471.9,6.3,6.1,56.7,0.6,0.4,1.0,20.7,32.7,63.3,239.7,1.9,43.3,207.4,4.8,2.3,76.0,447.1,5.9,5.0,41.9,0.3,0.9,1.1,15.9,26.9,59.0,225.9,1.3,44.1,205.0,4.6,2.0,71.0,430.9,6.1,6.9,55.6,0.6,0.9,1.4,20.4,29.9,68.4,274.3,2.3,39.7,175.1,4.4,1.7,69.6,449.4,6.5,4.7,38.1,0.6,0.3,0.9
20.1,31.6,63.8,269.4,1.6,38.1,154.7,4.1,2.3,69.7,424.1,6.1,6.9,55.0,0.6,1.3,1.9,25.1,41.3,60.9,281.3,1.7,38.9,190.4,4.9,2.1,80.1,471.7,5.9,6.4,59.7,0.4,1.0,1.4,19.0,30.3,62.7,249.3,2.0,44.3,222.6,5.0,2.4,74.6,471.9,6.3,6.1,56.7,0.6,0.4,1.0,20.7,32.7,63.3,239.7,1.9,43.3,207.4,4.8,2.3,76.0,447.1,5.9,5.0,41.9,0.3,0.9,1.1
19.0,30.3,62.7,249.3,2.0,44.3,222.6,5.0,2.4,74.6,471.9,6.3,6.1,56.7,0.6,0.4,1.0,20.7,32.7,63.3,239.7,1.9,43.3,207.4,4.8,2.3,76.0,447.1,5.9,5.0,41.9,0.3,0.9,1.1,19.7,28.7,68.7,253.7,2.3,36.1,179.9,5.0,1.9,64.9,433.6,6.7,5.3,41.3,0.1,0.4,0.6,24.1,36.9,65.5,228.7,1.0,36.1,118.7,3.3,1.1,73.0,347.4,4.8,7.1,51.9,0.1,0.7,0.9
14.5,27.0,53.7,156.7,0.3,31.3,82.2,2.6,0.8,58.3,238.8,4.1,5.0,40.2,0.5,0.5,1.0,19.2,32.7,58.7,154.0,0.5,36.5,110.7,3.0,0.3,69.2,264.7,3.8,6.2,48.2,0.7,1.0,1.7,26.0,38.4,67.7,267.9,1.9,31.1,101.7,3.3,0.9,69.6,369.6,5.3,5.7,48.0,0.6,1.0,1.6,15.9,27.4,57.8,184.4,1.3,31.9,105.3,3.3,0.6,59.3,289.7,4.9,5.0,41.6,0.9,0.6,1.4
26.0,38.4,67.7,267.9,1.9,31.1,101.7,3.3,0.9,69.6,369.6,5.3,5.7,48.0,0.6,1.0,1.6,15.9,27.4,57.8,184.4,1.3,31.9,105.3,3.3,0.6,59.3,289.7,4.9,5.0,41.6,0.9,0.6,1.4,25.6,37.7,67.8,324.0,2.0,30.7,112.3,3.7,1.7,68.4,436.3,6.4,5.9,51.3,0.7,0.4,1.1,28.3,40.4,70.0,367.1,2.7,34.9,161.4,4.6,2.0,75.3,528.6,7.0,6.9,63.0,1.1,0.9,2.0
19.6,26.6,73.7,231.9,1.6,41.9,241.7,5.8,3.4,68.4,473.6,6.9,4.7,40.0,0.1,0.4,0.6,16.7,32.1,52.0,164.1,0.7,29.9,85.9,2.9,0.6,62.0,250.0,4.0,3.0,32.0,0.4,0.6,1.0,16.2,27.0,59.9,170.7,1.0,33.3,76.7,2.3,0.2,60.3,247.3,4.1,7.7,68.8,1.0,1.2,2.2,21.5,34.5,62.3,231.3,1.5,40.0,169.5,4.2,2.2,74.5,400.8,5.4,4.7,44.2,0.7,0.8,1.5
19.6,26.6,73.7,231.9,1.6,41.9,241.7,5.8,3.4,68.4,473.6,6.9,4.7,40.0,0.1,0.4,0.6,16.7,32.1,52.0,164.1,0.7,29.9,85.9,2.9,0.6,62.0,250.0,4.0,3.0,32.0,0.4,0.6,1.0,19.4,36.4,53.3,193.1,0.4,32.1,136.0,4.2,1.7,68.6,329.1,4.8,6.4,55.1,0.7,1.0,1.7,18.7,30.4,61.5,229.9,1.6,36.0,211.4,5.9,2.7,66.4,441.3,6.6,4.7,45.7,0.6,0.9,1.4
19.6,26.6,73.7,231.9,1.6,41.9,241.7,5.8,3.4,68.4,473.6,6.9,4.7,40.0,0.1,0.4,0.6,16.7,32.1,52.0,164.1,0.7,29.9,85.9,2.9,0.6,62.0,250.0,4.0,3.0,32.0,0.4,0.6,1.0,12.4,21.0,58.9,103.1,1.0,41.0,186.9,4.6,1.3,62.0,290.0,4.7,5.9,50.0,1.1,0.5,1.6,21.6,32.8,66.0,238.5,1.4,37.0,156.0,4.2,2.0,69.8,394.5,5.7,4.4,37.4,0.5,0.9,1.4
19.6,26.6,73.7,231.9,1.6,41.9,241.7,5.8,3.4,68.4,473.6,6.9,4.7,40.0,0.1,0.4,0.6,16.7,32.1,52.0,164.1,0.7,29.9,85.9,2.9,0.6,62.0,250.0,4.0,3.0,32.0,0.4,0.6,1.0,25.7,36.0,71.4,300.4,2.1,32.3,159.1,4.9,2.3,68.3,459.6,6.7,8.4,74.6,0.4,0.7,1.1,25.7,42.1,61.0,276.7,2.0,33.7,106.7,3.2,1.0,75.9,383.4,5.1,3.9,34.4,0.7,0.7,1.4
14.5,27.0,53.7,156.7,0.3,31.3,82.2,2.6,0.8,58.3,238.8,4.1,5.0,40.2,0.5,0.5,1.0,19.2,32.7,58.7,154.0,0.5,36.5,110.7,3.0,0.3,69.2,264.7,3.8,6.2,48.2,0.7,1.0,1.7,19.6,26.6,73.7,231.9,1.6,41.9,241.7,5.8,3.4,68.4,473.6,6.9,4.7,40.0,0.1,0.4,0.6,16.7,32.1,52.0,164.1,0.7,29.9,85.9,2.9,0.6,62.0,250.0,4.0,3.0,32.0,0.4,0.6,1.0
26.4,48.3,54.7,273.1,1.7,30.7,83.0,2.7,1.1,79.0,356.1,4.5,5.1,48.4,0.7,1.1,1.9,23.1,35.6,65.1,280.4,2.6,42.1,150.0,3.6,1.1,77.7,430.4,5.5,9.0,83.9,0.7,0.7,1.4,19.6,26.6,73.7,231.9,1.6,41.9,241.7,5.8,3.4,68.4,473.6,6.9,4.7,40.0,0.1,0.4,0.6,16.7,32.1,52.0,164.1,0.7,29.9,85.9,2.9,0.6,62.0,250.0,4.0,3.0,32.0,0.4,0.6,1.0
19.6,26.6,73.7,231.9,1.6,41.9,241.7,5.8,3.4,68.4,473.6,6.9,4.7,40.0,0.1,0.4,0.6,16.7,32.1,52.0,164.1,0.7,29.9,85.9,2.9,0.6,62.0,250.0,4.0,3.0,32.0,0.4,0.6,1.0,19.3,32.3,59.8,235.3,1.8,36.2,179.0,4.9,2.2,68.5,414.3,6.0,5.8,54.3,0.7,0.3,1.0,21.5,41.7,51.6,242.5,0.8,31.7,136.0,4.3,1.2,73.3,378.5,5.2,6.3,56.5,1.2,1.0,2.2
20.8,29.3,71.0,315.7,4.2,38.0,228.0,6.0,2.7,67.3,543.7,8.1,5.0,47.0,0.3,0.5,0.8,14.5,25.3,57.2,160.3,1.0,31.3,93.2,3.0,0.7,56.7,253.5,4.5,6.0,51.7,0.3,0.7,1.0,17.8,28.0,63.7,208.3,1.7,39.7,170.7,4.3,1.3,67.7,379.0,5.6,4.3,38.8,0.7,0.7,1.3,18.0,30.0,60.0,210.2,1.8,35.8,138.3,3.9,0.8,65.8,348.5,5.3,5.2,43.2,0.2,0.2,0.3
20.8,29.3,71.0,315.7,4.2,38.0,228.0,6.0,2.7,67.3,543.7,8.1,5.0,47.0,0.3,0.5,0.8,14.5,25.3,57.2,160.3,1.0,31.3,93.2,3.0,0.7,56.7,253.5,4.5,6.0,51.7,0.3,0.7,1.0,22.7,32.9,69.1,250.4,1.6,38.4,110.0,2.9,1.9,71.3,360.4,5.1,6.7,61.6,0.4,0.1,0.6,16.9,27.9,60.5,252.9,2.3,35.3,140.0,4.0,1.7,63.1,392.9,6.2,7.7,74.7,0.4,0.4,0.9
20.8,29.3,71.0,315.7,4.2,38.0,228.0,6.0,2.7,67.3,543.7,8.1,5.0,47.0,0.3,0.5,0.8,14.5,25.3,57.2,160.3,1.0,31.3,93.2,3.0,0.7,56.7,253.5,4.5,6.0,51.7,0.3,0.7,1.0,16.0,26.3,60.9,209.1,2.6,40.7,193.3,4.7,2.1,67.0,402.4,6.0,6.1,44.7,0.6,0.7,1.3,18.4,31.7,58.1,194.4,1.4,39.7,164.4,4.1,2.0,71.4,358.9,5.0,8.3,73.7,0.6,1.0,1.6
20.8,29.3,71.0,315.7,4.2,38.0,228.0,6.0,2.7,67.3,543.7,8.1,5.0,47.0,0.3,0.5,0.8,14.5,25.3,57.2,160.3,1.0,31.3,93.2,3.0,0.7,56.7,253.5,4.5,6.0,51.7,0.3,0.7,1.0,16.0,25.0,64.0,220.6,2.3,37.6,170.6,4.5,1.9,62.6,391.1,6.3,7.0,67.0,0.6,0.9,1.4,17.4,29.1,59.8,215.9,1.4,33.1,114.3,3.4,1.4,62.3,330.1,5.3,5.4,52.6,0.3,1.6,1.9
20.8,29.3,71.0,315.7,4.2,38.0,228.0,6.0,2.7,67.3,543.7,8.1,5.0,47.0,0.3,0.5,0.8,14.5,25.3,57.2,160.3,1.0,31.3,93.2,3.0,0.7,56.7,253.5,4.5,6.0,51.7,0.3,0.7,1.0,15.0,27.3,54.9,173.2,1.0,39.2,160.8,4.1,1.5,66.5,334.0,5.0,8.2,69.2,0.3,1.3,1.7,17.3,29.2,59.4,194.2,1.5,31.7,91.7,2.9,1.2,60.8,285.8,4.7,6.7,50.0,0.3,1.3,1.7
21.7,33.1,65.5,242.9,2.1,28.7,106.1,3.7,1.6,61.9,349.0,5.6,5.7,53.0,0.3,1.1,1.4,22.4,32.9,68.3,269.0,2.3,38.3,153.3,4.0,1.1,71.1,422.3,5.9,7.7,71.6,1.1,0.3,1.4,20.8,29.3,71.0,315.7,4.2,38.0,228.0,6.0,2.7,67.3,543.7,8.1,5.0,47.0,0.3,0.5,0.8,14.5,25.3,57.2,160.3,1.0,31.3,93.2,3.0,0.7,56.7,253.5,4.5,6.0,51.7,0.3,0.7,1.0
29.7,44.4,66.9,313.4,2.4,33.1,133.1,4.0,1.7,77.6,446.6,5.8,6.0,61.7,0.9,0.9,1.7,17.4,31.6,55.2,248.4,2.1,31.4,100.3,3.2,0.7,63.0,348.7,5.5,5.7,55.9,0.3,1.4,1.7,19.3,32.3,59.8,235.3,1.8,36.2,179.0,4.9,2.2,68.5,414.3,6.0,5.8,54.3,0.7,0.3,1.0,21.5,41.7,51.6,242.5,0.8,31.7,136.0,4.3,1.2,73.3,378.5,5.2,6.3,56.5,1.2,1.0,2.2
19.3,32.3,59.8,235.3,1.8,36.2,179.0,4.9,2.2,68.5,414.3,6.0,5.8,54.3,0.7,0.3,1.0,21.5,41.7,51.6,242.5,0.8,31.7,136.0,4.3,1.2,73.3,378.5,5.2,6.3,56.5,1.2,1.0,2.2,25.6,37.7,67.8,324.0,2.0,30.7,112.3,3.7,1.7,68.4,436.3,6.4,5.9,51.3,0.7,0.4,1.1,28.3,40.4,70.0,367.1,2.7,34.9,161.4,4.6,2.0,75.3,528.6,7.0,6.9,63.0,1.1,0.9,2.0
14.6,28.1,51.8,207.6,0.7,37.7,170.1,4.5,2.0,65.9,377.7,5.7,6.6,54.1,0.9,1.4,2.3,16.7,28.6,58.5,186.6,0.7,42.1,204.4,4.9,2.7,70.7,391.0,5.5,7.7,60.1,0.4,0.3,0.7,19.3,32.3,59.8,235.3,1.8,36.2,179.0,4.9,2.2,68.5,414.3,6.0,5.8,54.3,0.7,0.3,1.0,21.5,41.7,51.6,242.5,0.8,31.7,136.0,4.3,1.2,73.3,378.5,5.2,6.3,56.5,1.2,1.0,2.2
19.3,32.3,59.8,235.3,1.8,36.2,179.0,4.9,2.2,68.5,414.3,6.0,5.8,54.3,0.7,0.3,1.0,21.5,41.7,51.6,242.5,0.8,31.7,136.0,4.3,1.2,73.3,378.5,5.2,6.3,56.5,1.2,1.0,2.2,22.9,41.1,55.6,258.3,1.9,36.1,134.3,3.7,1.6,77.3,392.6,5.1,7.3,67.3,1.4,0.6,2.0,21.3,35.3,60.3,244.0,2.0,36.9,124.3,3.4,1.9,72.1,368.3,5.1,5.1,44.1,0.9,0.3,1.1
19.3,32.3,59.8,235.3,1.8,36.2,179.0,4.9,2.2,68.5,414.3,6.0,5.8,54.3,0.7,0.3,1.0,21.5,41.7,51.6,242.5,0.8,31.7,136.0,4.3,1.2,73.3,378.5,5.2,6.3,56.5,1.2,1.0,2.2,25.5,43.8,58.2,282.0,1.2,35.2,112.3,3.2,1.2,79.0,394.3,5.0,4.7,42.2,1.7,1.0,2.7,16.8,28.7,58.7,230.0,2.2,40.2,176.0,4.4,1.5,68.8,406.0,5.9,5.5,49.5,0.8,0.8,1.7
25.7,36.0,71.4,300.4,2.1,32.3,159.1,4.9,2.3,68.3,459.6,6.7,8.4,74.6,0.4,0.7,1.1,25.7,42.1,61.0,276.7,2.0,33.7,106.7,3.2,1.0,75.9,383.4,5.1,3.9,34.4,0.7,0.7,1.4,20.4,33.3,61.4,241.6,1.6,41.7,157.1,3.8,1.9,75.0,398.7,5.3,5.7,53.9,0.6,0.7,1.3,15.7,27.0,58.2,216.6,1.1,34.0,168.1,4.9,1.7,61.0,384.7,6.3,7.3,69.0,1.1,0.6,1.7
21.1,36.1,58.5,276.0,2.6,27.3,97.3,3.6,0.9,63.4,373.3,5.9,7.4,65.6,0.4,1.1,1.6,18.0,25.0,72.0,277.3,2.4,45.3,257.0,5.7,2.9,70.3,534.3,7.6,7.7,64.9,0.4,0.6,1.0,25.7,36.0,71.4,300.4,2.1,32.3,159.1,4.9,2.3,68.3,459.6,6.7,8.4,74.6,0.4,0.7,1.1,25.7,42.1,61.0,276.7,2.0,33.7,106.7,3.2,1.0,75.9,383.4,5.1,3.9,34.4,0.7,0.7,1.4
25.7,36.0,71.4,300.4,2.1,32.3,159.1,4.9,2.3,68.3,459.6,6.7,8.4,74.6,0.4,0.7,1.1,25.7,42.1,61.0,276.7,2.0,33.7,106.7,3.2,1.0,75.9,383.4,5.1,3.9,34.4,0.7,0.7,1.4,21.7,33.1,65.5,242.9,2.1,28.7,106.1,3.7,1.6,61.9,349.0,5.6,5.7,53.0,0.3,1.1,1.4,22.4,32.9,68.3,269.0,2.3,38.3,153.3,4.0,1.1,71.1,422.3,5.9,7.7,71.6,1.1,0.3,1.4
25.7,36.0,71.4,300.4,2.1,32.3,159.1,4.9,2.3,68.3,459.6,6.7,8.4,74.6,0.4,0.7,1.1,25.7,42.1,61.0,276.7,2.0,33.7,106.7,3.2,1.0,75.9,383.4,5.1,3.9,34.4,0.7,0.7,1.4,29.7,44.4,66.9,313.4,2.4,33.1,133.1,4.0,1.7,77.6,446.6,5.8,6.0,61.7,0.9,0.9,1.7,17.4,31.6,55.2,248.4,2.1,31.4,100.3,3.2,0.7,63.0,348.7,5.5,5.7,55.9,0.3,1.4,1.7
26.4,48.3,54.7,273.1,1.7,30.7,83.0,2.7,1.1,79.0,356.1,4.5,5.1,48.4,0.7,1.1,1.9,23.1,35.6,65.1,280.4,2.6,42.1,150.0,3.6,1.1,77.7,430.4,5.5,9.0,83.9,0.7,0.7,1.4,25.7,36.0,71.4,300.4,2.1,32.3,159.1,4.9,2.3,68.3,459.6,6.7,8.4,74.6,0.4,0.7,1.1,25.7,42.1,61.0,276.7,2.0,33.7,106.7,3.2,1.0,75.9,383.4,5.1,3.9,34.4,0.7,0.7,1.4
26.4,48.3,54.7,273.1,1.7,30.7,83.0,2.7,1.1,79.0,356.1,4.5,5.1,48.4,0.7,1.1,1.9,23.1,35.6,65.1,280.4,2.6,42.1,150.0,3.6,1.1,77.7,430.4,5.5,9.0,83.9,0.7,0.7,1.4,22.3,31.7,70.3,216.9,1.4,45.3,198.9,4.4,1.3,77.0,415.7,5.4,7.0,65.6,1.3,0.4,1.7,13.3,30.3,43.9,143.3,0.3,28.1,77.9,2.8,0.4,58.4,221.1,3.8,4.7,42.0,0.7,1.7,2.4
26.4,48.3,54.7,273.1,1.7,30.7,83.0,2.7,1.1,79.0,356.1,4.5,5.1,48.4,0.7,1.1,1.9,23.1,35.6,65.1,280.4,2.6,42.1,150.0,3.6,1.1,77.7,430.4,5.5,9.0,83.9,0.7,0.7,1.4,31.0,44.1,70.2,344.7,3.1,30.4,144.4,4.7,1.6,74.6,489.1,6.6,7.0,66.7,0.9,0.9,1.7,24.6,39.7,61.9,242.4,1.3,37.4,120.4,3.2,1.3,77.1,362.9,4.7,7.9,73.6,1.0,1.4,2.4
20.1,31.6,63.8,269.4,1.6,38.1,154.7,4.1,2.3,69.7,424.1,6.1,6.9,55.0,0.6,1.3,1.9,25.1,41.3,60.9,281.3,1.7,38.9,190.4,4.9,2.1,80.1,471.7,5.9,6.4,59.7,0.4,1.0,1.4,26.4,48.3,54.7,273.1,1.7,30.7,83.0,2.7,1.1,79.0,356.1,4.5,5.1,48.4,0.7,1.1,1.9,23.1,35.6,65.1,280.4,2.6,42.1,150.0,3.6,1.1,77.7,430.4,5.5,9.0,83.9,0.7,0.7,1.4
21.7,33.1,65.5,242.9,2.1,28.7,106.1,3.7,1.6,61.9,349.0,5.6,5.7,53.0,0.3,1.1,1.4,22.4,32.9,68.3,269.0,2.3,38.3,153.3,4.0,1.1,71.1,422.3,5.9,7.7,71.6,1.1,0.3,1.4,15.1,29.3,51.7,190.4,1.1,35.9,115.3,3.2,1.3,65.1,305.7,4.7,8.0,72.9,0.7,1.6,2.3,18.1,29.1,62.3,242.9,1.9,36.1,141.7,3.9,1.7,65.3,384.6,5.9,7.3,58.0,1.1,0.6,1.7
21.7,33.1,65.5,242.9,2.1,28.7,106.1,3.7,1.6,61.9,349.0,5.6,5.7,53.0,0.3,1.1,1.4,22.4,32.9,68.3,269.0,2.3,38.3,153.3,4.0,1.1,71.1,422.3,5.9,7.7,71.6,1.1,0.3,1.4,27.4,42.4,64.6,272.6,1.0,29.7,67.3,2.3,1.3,72.1,339.9,4.7,6.1,57.4,1.3,0.4,1.7,18.6,28.1,66.0,271.7,2.0,40.1,193.1,4.8,2.9,68.3,464.9,6.8,8.0,61.0,0.4,0.7,1.1
28.7,43.0,66.8,380.0,2.9,32.4,132.3,4.1,2.6,75.4,512.3,6.8,6.3,59.3,0.1,0.6,0.7,19.9,30.7,64.7,258.3,2.4,34.1,117.4,3.4,1.0,64.9,375.7,5.8,6.6,50.3,0.3,0.9,1.1,21.7,33.1,65.5,242.9,2.1,28.7,106.1,3.7,1.6,61.9,349.0,5.6,5.7,53.0,0.3,1.1,1.4,22.4,32.9,68.3,269.0,2.3,38.3,153.3,4.0,1.1,71.1,422.3,5.9,7.7,71.6,1.1,0.3,1.4
21.7,33.1,65.5,242.9,2.1,28.7,106.1,3.7,1.6,61.9,349.0,5.6,5.7,53.0,0.3,1.1,1.4,22.4,32.9,68.3,269.0,2.3,38.3,153.3,4.0,1.1,71.1,422.3,5.9,7.7,71.6,1.1,0.3,1.4,15.5,24.2,64.1,214.8,1.2,43.2,227.3,5.3,3.3,67.3,442.2,6.6,3.7,33.8,0.3,1.2,1.5,17.5,28.5,61.4,159.2,0.7,28.2,104.5,3.7,0.5,56.7,263.7,4.7,5.7,51.5,0.5,1.0,1.5
21.7,33.1,65.5,242.9,2.1,28.7,106.1,3.7,1.6,61.9,349.0,5.6,5.7,53.0,0.3,1.1,1.4,22.4,32.9,68.3,269.0,2.3,38.3,153.3,4.0,1.1,71.1,422.3,5.9,7.7,71.6,1.1,0.3,1.4,16.0,25.0,64.0,220.6,2.3,37.6,170.6,4.5,1.9,62.6,391.1,6.3,7.0,67.0,0.6,0.9,1.4,17.4,29.1,59.8,215.9,1.4,33.1,114.3,3.4,1.4,62.3,330.1,5.3,5.4,52.6,0.3,1.6,1.9
15.0,27.3,54.9,173.2,1.0,39.2,160.8,4.1,1.5,66.5,334.0,5.0,8.2,69.2,0.3,1.3,1.7,17.3,29.2,59.4,194.2,1.5,31.7,91.7,2.9,1.2,60.8,285.8,4.7,6.7,50.0,0.3,1.3,1.7,14.5,27.0,53.7,156.7,0.3,31.3,82.2,2.6,0.8,58.3,238.8,4.1,5.0,40.2,0.5,0.5,1.0,19.2,32.7,58.7,154.0,0.5,36.5,110.7,3.0,0.3,69.2,264.7,3.8,6.2,48.2,0.7,1.0,1.7
15.0,27.3,54.9,173.2,1.0,39.2,160.8,4.1,1.5,66.5,334.0,5.0,8.2,69.2,0.3,1.3,1.7,17.3,29.2,59.4,194.2,1.5,31.7,91.7,2.9,1.2,60.8,285.8,4.7,6.7,50.0,0.3,1.3,1.7,20.1,31.6,63.8,269.4,1.6,38.1,154.7,4.1,2.3,69.7,424.1,6.1,6.9,55.0,0.6,1.3,1.9,25.1,41.3,60.9,281.3,1.7,38.9,190.4,4.9,2.1,80.1,471.7,5.9,6.4,59.7,0.4,1.0,1.4
22.3,31.7,70.3,216.9,1.4,45.3,198.9,4.4,1.3,77.0,415.7,5.4,7.0,65.6,1.3,0.4,1.7,13.3,30.3,43.9,143.3,0.3,28.1,77.9,2.8,0.4,58.4,221.1,3.8,4.7,42.0,0.7,1.7,2.4,13.4,24.7,54.3,147.1,1.3,36.3,150.1,4.1,0.7,61.0,297.3,4.9,4.1,37.1,0.4,0.4,0.9,20.3,33.6,60.4,240.4,1.9,36.3,147.4,4.1,1.4,69.9,387.9,5.6,6.6,61.6,0.7,0.6,1.3
16.0,25.0,64.0,220.6,2.3,37.6,170.6,4.5,1.9,62.6,391.1,6.3,7.0,67.0,0.6,0.9,1.4,17.4,29.1,59.8,215.9,1.4,33.1,114.3,3.4,1.4,62.3,330.1,5.3,5.4,52.6,0.3,1.6,1.9,22.3,31.7,70.3,216.9,1.4,45.3,198.9,4.4,1.3,77.0,415.7,5.4,7.0,65.6,1.3,0.4,1.7,13.3,30.3,43.9,143.3,0.3,28.1,77.9,2.8,0.4,58.4,221.1,3.8,4.7,42.0,0.7,1.7,2.4
22.3,31.7,70.3,216.9,1.4,45.3,198.9,4.4,1.3,77.0,415.7,5.4,7.0,65.6,1.3,0.4,1.7,13.3,30.3,43.9,143.3,0.3,28.1,77.9,2.8,0.4,58.4,221.1,3.8,4.7,42.0,0.7,1.7,2.4,14.5,27.0,53.7,156.7,0.3,31.3,82.2,2.6,0.8,58.3,238.8,4.1,5.0,40.2,0.5,0.5,1.0,19.2,32.7,58.7,154.0,0.5,36.5,110.7,3.0,0.3,69.2,264.7,3.8,6.2,48.2,0.7,1.0,1.7
22.3,31.7,70.3,216.9,1.4,45.3,198.9,4.4,1.3,77.0,415.7,5.4,7.0,65.6,1.3,0.4,1.7,13.3,30.3,43.9,143.3,0.3,28.1,77.9,2.8,0.4,58.4,221.1,3.8,4.7,42.0,0.7,1.7,2.4,15.5,24.2,64.1,214.8,1.2,43.2,227.3,5.3,3.3,67.3,442.2,6.6,3.7,33.8,0.3,1.2,1.5,17.5,28.5,61.4,159.2,0.7,28.2,104.5,3.7,0.5,56.7,263.7,4.7,5.7,51.5,0.5,1.0,1.5
29.7,44.4,66.9,313.4,2.4,33.1,133.1,4.0,1.7,77.6,446.6,5.8,6.0,61.7,0.9,0.9,1.7,17.4,31.6,55.2,248.4,2.1,31.4,100.3,3.2,0.7,63.0,348.7,5.5,5.7,55.9,0.3,1.4,1.7,18.7,33.3,56.2,236.0,2.3,41.4,199.7,4.8,1.3,74.7,435.7,5.8,6.7,64.4,0.7,0.7,1.4,18.9,30.1,62.6,235.3,2.1,36.0,157.6,4.4,1.3,66.1,392.9,5.9,6.9,60.6,0.7,1.0,1.7
15.5,24.2,64.1,214.8,1.2,43.2,227.3,5.3,3.3,67.3,442.2,6.6,3.7,33.8,0.3,1.2,1.5,17.5,28.5,61.4,159.2,0.7,28.2,104.5,3.7,0.5,56.7,263.7,4.7,5.7,51.5,0.5,1.0,1.5,29.7,44.4,66.9,313.4,2.4,33.1,133.1,4.0,1.7,77.6,446.6,5.8,6.0,61.7,0.9,0.9,1.7,17.4,31.6,55.2,248.4,2.1,31.4,100.3,3.2,0.7,63.0,348.7,5.5,5.7,55.9,0.3,1.4,1.7
29.7,44.4,66.9,313.4,2.4,33.1,133.1,4.0,1.7,77.6,446.6,5.8,6.0,61.7,0.9,0.9,1.7,17.4,31.6,55.2,248.4,2.1,31.4,100.3,3.2,0.7,63.0,348.7,5.5,5.7,55.9,0.3,1.4,1.7,20.1,31.6,63.8,269.4,1.6,38.1,154.7,4.1,2.3,69.7,424.1,6.1,6.9,55.0,0.6,1.3,1.9,25.1,41.3,60.9,281.3,1.7,38.9,190.4,4.9,2.1,80.1,471.7,5.9,6.4,59.7,0.4,1.0,1.4
20.1,31.6,63.8,269.4,1.6,38.1,154.7,4.1,2.3,69.7,424.1,6.1,6.9,55.0,0.6,1.3,1.9,25.1,41.3,60.9,281.3,1.7,38.9,190.4,4.9,2.1,80.1,471.7,5.9,6.4,59.7,0.4,1.0,1.4,25.5,43.8,58.2,282.0,1.2,35.2,112.3,3.2,1.2,79.0,394.3,5.0,4.7,42.2,1.7,1.0,2.7,16.8,28.7,58.7,230.0,2.2,40.2,176.0,4.4,1.5,68.8,406.0,5.9,5.5,49.5,0.8,0.8,1.7
20.1,31.6,63.8,269.4,1.6,38.1,154.7,4.1,2.3,69.7,424.1,6.1,6.9,55.0,0.6,1.3,1.9,25.1,41.3,60.9,281.3,1.7,38.9,190.4,4.9,2.1,80.1,471.7,5.9,6.4,59.7,0.4,1.0,1.4,30.0,49.7,60.3,358.7,2.4,29.7,147.1,5.0,2.1,79.4,505.9,6.4,4.9,45.9,0.1,1.7,1.9,20.7,33.6,61.7,264.0,1.6,40.0,221.7,5.5,2.4,73.6,485.7,6.6,7.7,67.7,0.4,1.1,1.6
15.5,24.2,64.1,214.8,1.2,43.2,227.3,5.3,3.3,67.3,442.2,6.6,3.7,33.8,0.3,1.2,1.5,17.5,28.5,61.4,159.2,0.7,28.2,104.5,3.7,0.5,56.7,263.7,4.7,5.7,51.5,0.5,1.0,1.5,10.1,22.9,44.4,120.7,0.6,32.7,139.0,4.2,1.4,55.6,259.7,4.7,6.9,62.0,0.4,1.4,1.9,16.1,26.0,62.1,193.9,1.1,43.3,180.7,4.2,2.3,69.3,374.6,5.4,5.7,50.9,0.4,0.3,0.7
15.5,24.2,64.1,214.8,1.2,43.2,227.3,5.3,3.3,67.3,442.2,6.6,3.7,33.8,0.3,1.2,1.5,17.5,28.5,61.4,159.2,0.7,28.2,104.5,3.7,0.5,56.7,263.7,4.7,5.7,51.5,0.5,1.0,1.5,17.2,32.0,53.6,171.7,0.8,32.5,113.8,3.5,0.8,64.5,285.5,4.4,4.7,41.7,1.3,0.5,1.8,18.8,29.7,63.5,222.5,2.2,40.3,251.0,6.2,2.7,70.0,473.5,6.8,5.5,46.7,0.8,0.3,1.2
14.5,27.0,53.7,156.7,0.3,31.3,82.2,2.6,0.8,58.3,238.8,4.1,5.0,40.2,0.5,0.5,1.0,19.2,32.7,58.7,154.0,0.5,36.5,110.7,3.0,0.3,69.2,264.7,3.8,6.2,48.2,0.7,1.0,1.7,17.1,30.6,56.1,166.9,0.3,37.0,123.0,3.3,2.1,67.6,289.9,4.3,5.4,51.3,0.6,0.3,0.9,15.7,26.9,58.5,207.4,1.4,40.3,184.3,4.6,1.7,67.1,391.7,5.8,9.9,83.3,0.7,1.4,2.1
25.5,43.8,58.2,282.0,1.2,35.2,112.3,3.2,1.2,79.0,394.3,5.0,4.7,42.2,1.7,1.0,2.7,16.8,28.7,58.7,230.0,2.2,40.2,176.0,4.4,1.5,68.8,406.0,5.9,5.5,49.5,0.8,0.8,1.7,20.1,31.6,63.8,269.4,1.6,38.1,154.7,4.1,2.3,69.7,424.1,6.1,6.9,55.0,0.6,1.3,1.9,25.1,41.3,60.9,281.3,1.7,38.9,190.4,4.9,2.1,80.1,471.7,5.9,6.4,59.7,0.4,1.0,1.4
25.5,43.8,58.2,282.0,1.2,35.2,112.3,3.2,1.2,79.0,394.3,5.0,4.7,42.2,1.7,1.0,2.7,16.8,28.7,58.7,230.0,2.2,40.2,176.0,4.4,1.5,68.8,406.0,5.9,5.5,49.5,0.8,0.8,1.7,16.0,25.0,64.0,220.6,2.3,37.6,170.6,4.5,1.9,62.6,391.1,6.3,7.0,67.0,0.6,0.9,1.4,17.4,29.1,59.8,215.9,1.4,33.1,114.3,3.4,1.4,62.3,330.1,5.3,5.4,52.6,0.3,1.6,1.9
16.0,25.0,64.0,220.6,2.3,37.6,170.6,4.5,1.9,62.6,391.1,6.3,7.0,67.0,0.6,0.9,1.4,17.4,29.1,59.8,215.9,1.4,33.1,114.3,3.4,1.4,62.3,330.1,5.3,5.4,52.6,0.3,1.6,1.9,25.0,39.6,63.2,280.3,2.3,24.9,89.0,3.6,0.7,64.4,369.3,5.7,5.4,47.6,0.7,1.1,1.9,21.3,33.3,63.9,243.6,1.4,36.1,123.7,3.4,0.7,69.4,367.3,5.3,7.1,62.0,0.4,0.9,1.3
16.0,25.0,64.0,220.6,2.3,37.6,170.6,4.5,1.9,62.6,391.1,6.3,7.0,67.0,0.6,0.9,1.4,17.4,29.1,59.8,215.9,1.4,33.1,114.3,3.4,1.4,62.3,330.1,5.3,5.4,52.6,0.3,1.6,1.9,10.1,22.9,44.4,120.7,0.6,32.7,139.0,4.2,1.4,55.6,259.7,4.7,6.9,62.0,0.4,1.4,1.9,16.1,26.0,62.1,193.9,1.1,43.3,180.7,4.2,2.3,69.3,374.6,5.4,5.7,50.9,0.4,0.3,0.7
19.4,36.4,53.3,193.1,0.4,32.1,136.0,4.2,1.7,68.6,329.1,4.8,6.4,55.1,0.7,1.0,1.7,18.7,30.4,61.5,229.9,1.6,36.0,211.4,5.9,2.7,66.4,441.3,6.6,4.7,45.7,0.6,0.9,1.4,31.0,44.1,70.2,344.7,3.1,30.4,144.4,4.7,1.6,74.6,489.1,6.6,7.0,66.7,0.9,0.9,1.7,24.6,39.7,61.9,242.4,1.3,37.4,120.4,3.2,1.3,77.1,362.9,4.7,7.9,73.6,1.0,1.4,2.4
31.0,44.1,70.2,344.7,3.1,30.4,144.4,4.7,1.6,74.6,489.1,6.6,7.0,66.7,0.9,0.9,1.7,24.6,39.7,61.9,242.4,1.3,37.4,120.4,3.2,1.3,77.1,362.9,4.7,7.9,73.6,1.0,1.4,2.4,24.3,40.8,59.6,218.2,1.3,30.8,107.0,3.5,0.5,71.7,325.2,4.5,6.5,58.2,0.5,1.0,1.5,22.2,33.7,65.8,267.3,2.3,36.7,177.3,4.8,2.2,70.3,444.7,6.3,6.3,52.2,0.8,0.3,1.2
31.0,44.1,70.2,344.7,3.1,30.4,144.4,4.7,1.6,74.6,489.1,6.6,7.0,66.7,0.9,0.9,1.7,24.6,39.7,61.9,242.4,1.3,37.4,120.4,3.2,1.3,77.1,362.9,4.7,7.9,73.6,1.0,1.4,2.4,22.4,34.7,64.6,312.7,1.7,32.3,86.7,2.7,1.0,67.0,399.4,6.0,5.7,50.4,0.6,1.3,1.9,22.0,36.6,60.2,229.7,1.3,34.9,111.3,3.2,1.1,71.4,341.0,4.8,6.3,61.1,0.7,1.0,1.7
25.7,39.0,65.9,255.0,1.4,33.3,105.4,3.2,1.6,72.3,360.4,5.0,6.7,62.4,0.4,0.7,1.1,23.1,36.6,63.3,282.6,2.3,38.6,143.9,3.7,1.7,75.1,426.4,5.7,6.7,66.6,0.7,1.4,2.1,31.0,44.1,70.2,344.7,3.1,30.4,144.4,4.7,1.6,74.6,489.1,6.6,7.0,66.7,0.9,0.9,1.7,24.6,39.7,61.9,242.4,1.3,37.4,120.4,3.2,1.3,77.1,362.9,4.7,7.9,73.6,1.0,1.4,2.4
18.7,33.3,56.2,236.0,2.3,41.4,199.7,4.8,1.3,74.7,435.7,5.8,6.7,64.4,0.7,0.7,1.4,18.9,30.1,62.6,235.3,2.1,36.0,157.6,4.4,1.3,66.1,392.9,5.9,6.9,60.6,0.7,1.0,1.7,21.1,36.1,58.5,276.0,2.6,27.3,97.3,3.6,0.9,63.4,373.3,5.9,7.4,65.6,0.4,1.1,1.6,18.0,25.0,72.0,277.3,2.4,45.3,257.0,5.7,2.9,70.3,534.3,7.6,7.7,64.9,0.4,0.6,1.0
25.6,37.7,67.8,324.0,2.0,30.7,112.3,3.7,1.7,68.4,436.3,6.4,5.9,51.3,0.7,0.4,1.1,28.3,40.4,70.0,367.1,2.7,34.9,161.4,4.6,2.0,75.3,528.6,7.0,6.9,63.0,1.1,0.9,2.0,18.7,33.3,56.2,236.0,2.3,41.4,199.7,4.8,1.3,74.7,435.7,5.8,6.7,64.4,0.7,0.7,1.4,18.9,30.1,62.6,235.3,2.1,36.0,157.6,4.4,1.3,66.1,392.9,5.9,6.9,60.6,0.7,1.0,1.7
16.4,29.9,55.0,252.6,2.4,43.3,251.3,5.8,1.9,73.1,503.9,6.9,5.7,49.9,0.6,1.3,1.9,22.4,36.3,61.8,289.9,2.0,38.7,178.4,4.6,1.9,75.0,468.3,6.2,5.9,56.7,0.6,0.4,1.0,18.7,33.3,56.2,236.0,2.3,41.4,199.7,4.8,1.3,74.7,435.7,5.8,6.7,64.4,0.7,0.7,1.4,18.9,30.1,62.6,235.3,2.1,36.0,157.6,4.4,1.3,66.1,392.9,5.9,6.9,60.6,0.7,1.0,1.7
18.7,33.3,56.2,236.0,2.3,41.4,199.7,4.8,1.3,74.7,435.7,5.8,6.7,64.4,0.7,0.7,1.4,18.9,30.1,62.6,235.3,2.1,36.0,157.6,4.4,1.3,66.1,392.9,5.9,6.9,60.6,0.7,1.0,1.7,17.7,30.0,58.9,225.0,1.7,34.2,127.0,3.7,1.7,64.2,352.0,5.5,6.2,57.8,0.3,1.8,2.2,15.8,25.8,61.3,191.3,1.3,33.2,153.7,4.6,1.5,59.0,345.0,5.8,8.3,76.0,0.8,0.8,1.7
21.3,32.8,65.0,307.0,3.0,46.0,212.7,4.6,2.7,78.8,519.7,6.6,5.5,41.8,0.8,0.7,1.5,18.7,33.3,56.0,251.7,1.8,27.3,36.2,1.3,0.5,60.7,287.8,4.7,5.0,41.2,1.0,0.8,1.8,25.7,39.0,65.9,255.0,1.4,33.3,105.4,3.2,1.6,72.3,360.4,5.0,6.7,62.4,0.4,0.7,1.1,23.1,36.6,63.3,282.6,2.3,38.6,143.9,3.7,1.7,75.1,426.4,5.7,6.7,66.6,0.7,1.4,2.1
16.2,27.0,59.9,170.7,1.0,33.3,76.7,2.3,0.2,60.3,247.3,4.1,7.7,68.8,1.0,1.2,2.2,21.5,34.5,62.3,231.3,1.5,40.0,169.5,4.2,2.2,74.5,400.8,5.4,4.7,44.2,0.7,0.8,1.5,25.7,39.0,65.9,255.0,1.4,33.3,105.4,3.2,1.6,72.3,360.4,5.0,6.7,62.4,0.4,0.7,1.1,23.1,36.6,63.3,282.6,2.3,38.6,143.9,3.7,1.7,75.1,426.4,5.7,6.7,66.6,0.7,1.4,2.1
22.9,36.3,63.0,242.1,2.0,33.0,95.9,2.9,0.6,69.3,338.0,4.9,5.7,50.9,0.9,1.0,1.9,23.1,35.1,65.9,236.7,0.9,32.4,124.1,3.8,2.0,67.6,360.9,5.3,5.7,55.1,0.7,1.0,1.7,24.3,40.8,59.6,218.2,1.3,30.8,107.0,3.5,0.5,71.7,325.2,4.5,6.5,58.2,0.5,1.0,1.5,22.2,33.7,65.8,267.3,2.3,36.7,177.3,4.8,2.2,70.3,444.7,6.3,6.3,52.2,0.8,0.3,1.2
10.1,22.9,44.4,120.7,0.6,32.7,139.0,4.2,1.4,55.6,259.7,4.7,6.9,62.0,0.4,1.4,1.9,16.1,26.0,62.1,193.9,1.1,43.3,180.7,4.2,2.3,69.3,374.6,5.4,5.7,50.9,0.4,0.3,0.7,24.3,40.8,59.6,218.2,1.3,30.8,107.0,3.5,0.5,71.7,325.2,4.5,6.5,58.2,0.5,1.0,1.5,22.2,33.7,65.8,267.3,2.3,36.7,177.3,4.8,2.2,70.3,444.7,6.3,6.3,52.2,0.8,0.3,1.2
24.3,40.8,59.6,218.2,1.3,30.8,107.0,3.5,0.5,71.7,325.2,4.5,6.5,58.2,0.5,1.0,1.5,22.2,33.7,65.8,267.3,2.3,36.7,177.3,4.8,2.2,70.3,444.7,6.3,6.3,52.2,0.8,0.3,1.2,12.4,21.0,58.9,103.1,1.0,41.0,186.9,4.6,1.3,62.0,290.0,4.7,5.9,50.0,1.1,0.5,1.6,21.6,32.8,66.0,238.5,1.4,37.0,156.0,4.2,2.0,69.8,394.5,5.7,4.4,37.4,0.5,0.9,1.4
13.8,24.8,55.7,202.3,2.0,47.0,234.3,5.0,1.7,71.8,436.7,6.1,8.0,70.8,0.7,0.8,1.5,20.7,32.0,64.6,258.3,2.2,41.3,180.0,4.4,1.7,73.3,438.3,6.0,4.5,48.3,0.8,1.7,2.5,21.1,36.1,58.5,276.0,2.6,27.3,97.3,3.6,0.9,63.4,373.3,5.9,7.4,65.6,0.4,1.1,1.6,18.0,25.0,72.0,277.3,2.4,45.3,257.0,5.7,2.9,70.3,534.3,7.6,7.7,64.9,0.4,0.6,1.0
20.5,30.8,66.5,244.0,1.2,34.0,145.0,4.3,2.8,64.8,389.0,6.0,5.7,53.5,0.8,1.7,2.5,14.7,26.7,55.0,179.7,1.7,40.8,174.7,4.3,1.7,67.5,354.3,5.2,7.3,68.2,0.2,1.3,1.5,21.1,36.1,58.5,276.0,2.6,27.3,97.3,3.6,0.9,63.4,373.3,5.9,7.4,65.6,0.4,1.1,1.6,18.0,25.0,72.0,277.3,2.4,45.3,257.0,5.7,2.9,70.3,534.3,7.6,7.7,64.9,0.4,0.6,1.0
19.4,28.9,67.3,221.6,1.6,33.9,136.3,4.0,1.9,62.7,357.9,5.7,6.0,61.1,0.7,0.4,1.1,17.0,27.6,61.7,213.6,1.4,41.4,164.4,4.0,1.9,69.0,378.0,5.5,4.7,44.0,0.1,1.6,1.7,16.4,29.9,55.0,252.6,2.4,43.3,251.3,5.8,1.9,73.1,503.9,6.9,5.7,49.9,0.6,1.3,1.9,22.4,36.3,61.8,289.9,2.0,38.7,178.4,4.6,1.9,75.0,468.3,6.2,5.9,56.7,0.6,0.4,1.0
16.4,29.9,55.0,252.6,2.4,43.3,251.3,5.8,1.9,73.1,503.9,6.9,5.7,49.9,0.6,1.3,1.9,22.4,36.3,61.8,289.9,2.0,38.7,178.4,4.6,1.9,75.0,468.3,6.2,5.9,56.7,0.6,0.4,1.0,21.2,35.8,59.1,300.7,2.5,30.7,94.2,3.1,0.8,66.5,394.8,5.9,6.8,62.0,0.7,1.8,2.5,17.0,32.2,52.8,227.8,1.8,41.0,263.0,6.4,2.7,73.2,490.8,6.7,8.7,81.5,1.0,1.2,2.2
18.7,29.5,63.3,207.7,0.8,38.2,166.5,4.4,1.7,67.7,374.2,5.5,7.8,66.2,0.7,1.3,2.0,16.8,29.5,57.1,191.5,0.8,34.2,138.3,4.0,1.5,63.7,329.8,5.2,4.7,37.3,0.8,0.8,1.7,21.2,35.8,59.1,300.7,2.5,30.7,94.2,3.1,0.8,66.5,394.8,5.9,6.8,62.0,0.7,1.8,2.5,17.0,32.2,52.8,227.8,1.8,41.0,263.0,6.4,2.7,73.2,490.8,6.7,8.7,81.5,1.0,1.2,2.2
23.0,35.3,65.1,297.5,2.2,38.8,164.8,4.2,2.0,74.2,462.3,6.2,8.3,77.2,0.3,0.7,1.0,19.7,33.7,58.4,228.8,1.8,30.2,95.2,3.2,0.5,63.8,324.0,5.1,5.3,52.0,1.0,1.3,2.3,21.2,35.8,59.1,300.7,2.5,30.7,94.2,3.1,0.8,66.5,394.8,5.9,6.8,62.0,0.7,1.8,2.5,17.0,32.2,52.8,227.8,1.8,41.0,263.0,6.4,2.7,73.2,490.8,6.7,8.7,81.5,1.0,1.2,2.2
15.3,27.0,56.8,212.0,1.5,34.7,124.7,3.6,1.2,61.7,336.7,5.5,7.3,63.3,0.8,1.5,2.3,19.8,31.7,62.6,236.2,1.3,39.5,131.5,3.3,1.2,71.2,367.7,5.2,7.2,63.3,0.2,1.3,1.5,15.6,29.7,52.4,223.4,1.7,40.3,180.4,4.5,2.1,70.0,403.9,5.8,6.4,57.9,0.7,1.6,2.3,18.0,32.6,55.3,209.9,1.0,37.4,130.7,3.5,1.3,70.0,340.6,4.9,8.6,69.1,1.0,1.6,2.6
15.6,29.7,52.4,223.4,1.7,40.3,180.4,4.5,2.1,70.0,403.9,5.8,6.4,57.9,0.7,1.6,2.3,18.0,32.6,55.3,209.9,1.0,37.4,130.7,3.5,1.3,70.0,340.6,4.9,8.6,69.1,1.0,1.6,2.6,27.4,42.4,64.6,272.6,1.0,29.7,67.3,2.3,1.3,72.1,339.9,4.7,6.1,57.4,1.3,0.4,1.7,18.6,28.1,66.0,271.7,2.0,40.1,193.1,4.8,2.9,68.3,464.9,6.8,8.0,61.0,0.4,0.7,1.1
19.0,32.8,57.9,242.0,2.0,28.3,113.5,4.0,1.2,61.2,355.5,5.8,8.2,76.8,1.0,0.3,1.3,22.2,35.7,62.1,278.3,1.7,43.2,172.7,4.0,1.5,78.8,451.0,5.7,7.7,65.8,1.0,1.2,2.2,15.6,29.7,52.4,223.4,1.7,40.3,180.4,4.5,2.1,70.0,403.9,5.8,6.4,57.9,0.7,1.6,2.3,18.0,32.6,55.3,209.9,1.0,37.4,130.7,3.5,1.3,70.0,340.6,4.9,8.6,69.1,1.0,1.6,2.6
8.0,17.7,45.2,76.1,0.1,47.6,166.9,3.5,0.9,65.3,243.0,3.7,8.6,73.7,0.3,1.1,1.4,14.3,26.4,54.1,202.9,1.7,38.7,182.6,4.7,2.4,65.1,385.4,5.9,5.6,48.1,0.7,1.1,1.9,15.6,29.7,52.4,223.4,1.7,40.3,180.4,4.5,2.1,70.0,403.9,5.8,6.4,57.9,0.7,1.6,2.3,18.0,32.6,55.3,209.9,1.0,37.4,130.7,3.5,1.3,70.0,340.6,4.9,8.6,69.1,1.0,1.6,2.6
17.8,28.0,63.7,208.3,1.7,39.7,170.7,4.3,1.3,67.7,379.0,5.6,4.3,38.8,0.7,0.7,1.3,18.0,30.0,60.0,210.2,1.8,35.8,138.3,3.9,0.8,65.8,348.5,5.3,5.2,43.2,0.2,0.2,0.3,19.3,27.5,70.3,188.8,1.2,47.2,210.2,4.5,2.0,74.7,399.0,5.3,6.0,50.7,0.7,0.7,1.3,16.5,30.8,53.5,213.3,1.2,29.8,77.3,2.6,0.5,60.7,290.7,4.8,4.8,35.8,0.7,1.3,2.0
17.8,28.0,63.7,208.3,1.7,39.7,170.7,4.3,1.3,67.7,379.0,5.6,4.3,38.8,0.7,0.7,1.3,18.0,30.0,60.0,210.2,1.8,35.8,138.3,3.9,0.8,65.8,348.5,5.3,5.2,43.2,0.2,0.2,0.3,23.0,38.0,60.5,252.7,1.5,30.3,128.7,4.2,1.2,68.3,381.3,5.6,5.8,54.8,0.2,0.5,0.7,23.8,37.5,63.6,258.7,1.7,30.8,118.5,3.8,1.2,68.3,377.2,5.5,6.3,64.7,0.7,1.3,2.0
17.8,28.0,63.7,208.3,1.7,39.7,170.7,4.3,1.3,67.7,379.0,5.6,4.3,38.8,0.7,0.7,1.3,18.0,30.0,60.0,210.2,1.8,35.8,138.3,3.9,0.8,65.8,348.5,5.3,5.2,43.2,0.2,0.2,0.3,21.5,33.7,63.9,266.0,2.0,35.3,131.7,3.7,1.3,69.0,397.7,5.8,3.8,36.7,1.5,0.8,2.3,17.0,28.8,59.0,212.3,1.8,36.3,197.5,5.4,1.7,65.2,409.8,6.3,7.7,70.2,0.3,0.3,0.7
16.0,26.3,60.9,209.1,2.6,40.7,193.3,4.7,2.1,67.0,402.4,6.0,6.1,44.7,0.6,0.7,1.3,18.4,31.7,58.1,194.4,1.4,39.7,164.4,4.1,2.0,71.4,358.9,5.0,8.3,73.7,0.6,1.0,1.6,8.0,17.7,45.2,76.1,0.1,47.6,166.9,3.5,0.9,65.3,243.0,3.7,8.6,73.7,0.3,1.1,1.4,14.3,26.4,54.1,202.9,1.7,38.7,182.6,4.7,2.4,65.1,385.4,5.9,5.6,48.1,0.7,1.1,1.9
17.6,28.4,61.8,220.9,1.9,35.4,139.0,3.9,1.7,63.9,359.9,5.6,7.6,67.9,0.9,1.3,2.1,18.9,31.3,60.3,222.6,1.9,39.1,172.4,4.4,2.0,70.4,395.0,5.6,9.0,82.1,0.4,0.3,0.7,8.0,17.7,45.2,76.1,0.1,47.6,166.9,3.5,0.9,65.3,243.0,3.7,8.6,73.7,0.3,1.1,1.4,14.3,26.4,54.1,202.9,1.7,38.7,182.6,4.7,2.4,65.1,385.4,5.9,5.6,48.1,0.7,1.1,1.9
8.0,17.7,45.2,76.1,0.1,47.6,166.9,3.5,0.9,65.3,243.0,3.7,8.6,73.7,0.3,1.1,1.4,14.3,26.4,54.1,202.9,1.7,38.7,182.6,4.7,2.4,65.1,385.4,5.9,5.6,48.1,0.7,1.1,1.9,20.4,33.3,61.4,241.6,1.6,41.7,157.1,3.8,1.9,75.0,398.7,5.3,5.7,53.9,0.6,0.7,1.3,15.7,27.0,58.2,216.6,1.1,34.0,168.1,4.9,1.7,61.0,384.7,6.3,7.3,69.0,1.1,0.6,1.7
17.6,31.6,55.7,194.4,1.6,42.0,173.6,4.1,0.7,73.6,368.0,5.0,9.3,84.3,0.7,1.9,2.6,15.3,28.4,53.8,193.9,2.0,41.3,186.4,4.5,1.4,69.7,380.3,5.5,7.6,64.4,0.3,1.1,1.4,12.4,21.0,58.9,103.1,1.0,41.0,186.9,4.6,1.3,62.0,290.0,4.7,5.9,50.0,1.1,0.5,1.6,21.6,32.8,66.0,238.5,1.4,37.0,156.0,4.2,2.0,69.8,394.5,5.7,4.4,37.4,0.5,0.9,1.4
12.4,21.0,58.9,103.1,1.0,41.0,186.9,4.6,1.3,62.0,290.0,4.7,5.9,50.0,1.1,0.5,1.6,21.6,32.8,66.0,238.5,1.4,37.0,156.0,4.2,2.0,69.8,394.5,5.7,4.4,37.4,0.5,0.9,1.4,23.2,33.0,70.2,253.2,0.8,31.8,116.2,3.6,1.7,64.8,369.3,5.7,5.0,44.8,0.7,1.0,1.7,16.5,30.3,54.4,212.2,1.3,39.2,174.7,4.5,1.8,69.5,386.8,5.6,6.3,54.0,0.3,0.3,0.7
26.4,42.7,61.9,258.1,1.7,35.9,144.6,4.0,1.1,78.6,402.7,5.1,5.9,52.7,0.6,1.0,1.6,20.0,33.1,60.3,213.1,1.6,44.3,190.3,4.3,2.3,77.4,403.4,5.2,6.3,54.4,1.0,0.7,1.7,12.4,21.0,58.9,103.1,1.0,41.0,186.9,4.6,1.3,62.0,290.0,4.7,5.9,50.0,1.1,0.5,1.6,21.6,32.8,66.0,238.5,1.4,37.0,156.0,4.2,2.0,69.8,394.5,5.7,4.4,37.4,0.5,0.9,1.4
10.1,22.9,44.4,120.7,0.6,32.7,139.0,4.2,1.4,55.6,259.7,4.7,6.9,62.0,0.4,1.4,1.9,16.1,26.0,62.1,193.9,1.1,43.3,180.7,4.2,2.3,69.3,374.6,5.4,5.7,50.9,0.4,0.3,0.7,17.1,30.6,56.1,166.9,0.3,37.0,123.0,3.3,2.1,67.6,289.9,4.3,5.4,51.3,0.6,0.3,0.9,15.7,26.9,58.5,207.4,1.4,40.3,184.3,4.6,1.7,67.1,391.7,5.8,9.9,83.3,0.7,1.4,2.1
10.1,22.9,44.4,120.7,0.6,32.7,139.0,4.2,1.4,55.6,259.7,4.7,6.9,62.0,0.4,1.4,1.9,16.1,26.0,62.1,193.9,1.1,43.3,180.7,4.2,2.3,69.3,374.6,5.4,5.7,50.9,0.4,0.3,0.7,19.4,36.4,53.3,193.1,0.4,32.1,136.0,4.2,1.7,68.6,329.1,4.8,6.4,55.1,0.7,1.0,1.7,18.7,30.4,61.5,229.9,1.6,36.0,211.4,5.9,2.7,66.4,441.3,6.6,4.7,45.7,0.6,0.9,1.4
10.1,22.9,44.4,120.7,0.6,32.7,139.0,4.2,1.4,55.6,259.7,4.7,6.9,62.0,0.4,1.4,1.9,16.1,26.0,62.1,193.9,1.1,43.3,180.7,4.2,2.3,69.3,374.6,5.4,5.7,50.9,0.4,0.3,0.7,12.0,21.3,56.4,123.4,0.4,40.0,137.6,3.4,1.4,61.3,261.0,4.3,7.3,60.7,0.4,1.1,1.6,17.9,30.0,59.5,215.0,1.1,31.7,114.6,3.6,1.1,61.7,329.6,5.3,6.7,71.9,0.9,1.0,1.9
20.0,29.0,69.0,282.9,2.6,39.0,175.3,4.5,1.6,68.0,458.1,6.7,5.9,53.4,1.0,0.3,1.3,20.3,30.1,67.3,266.1,1.9,35.0,147.6,4.2,1.6,65.1,413.7,6.4,6.3,54.9,1.3,1.1,2.4,4.7,9.8,47.5,106.5,0.8,54.5,316.8,5.8,3.2,64.3,423.3,6.6,5.7,48.0,1.2,0.5,1.7,16.2,25.0,64.7,196.7,1.8,40.7,217.0,5.3,2.2,65.7,413.7,6.3,5.0,35.8,0.5,0.5,1.0
4.7,9.8,47.5,106.5,0.8,54.5,316.8,5.8,3.2,64.3,423.3,6.6,5.7,48.0,1.2,0.5,1.7,16.2,25.0,64.7,196.7,1.8,40.7,217.0,5.3,2.2,65.7,413.7,6.3,5.0,35.8,0.5,0.5,1.0,13.8,24.8,55.7,202.3,2.0,47.0,234.3,5.0,1.7,71.8,436.7,6.1,8.0,70.8,0.7,0.8,1.5,20.7,32.0,64.6,258.3,2.2,41.3,180.0,4.4,1.7,73.3,438.3,6.0,4.5,48.3,0.8,1.7,2.5
20.0,29.0,69.0,282.9,2.6,39.0,175.3,4.5,1.6,68.0,458.1,6.7,5.9,53.4,1.0,0.3,1.3,20.3,30.1,67.3,266.1,1.9,35.0,147.6,4.2,1.6,65.1,413.7,6.4,6.3,54.9,1.3,1.1,2.4,20.4,33.3,61.4,241.6,1.6,41.7,157.1,3.8,1.9,75.0,398.7,5.3,5.7,53.9,0.6,0.7,1.3,15.7,27.0,58.2,216.6,1.1,34.0,168.1,4.9,1.7,61.0,384.7,6.3,7.3,69.0,1.1,0.6,1.7
17.6,28.4,61.8,220.9,1.9,35.4,139.0,3.9,1.7,63.9,359.9,5.6,7.6,67.9,0.9,1.3,2.1,18.9,31.3,60.3,222.6,1.9,39.1,172.4,4.4,2.0,70.4,395.0,5.6,9.0,82.1,0.4,0.3,0.7,20.4,33.3,61.4,241.6,1.6,41.7,157.1,3.8,1.9,75.0,398.7,5.3,5.7,53.9,0.6,0.7,1.3,15.7,27.0,58.2,216.6,1.1,34.0,168.1,4.9,1.7,61.0,384.7,6.3,7.3,69.0,1.1,0.6,1.7
15.9,26.9,59.0,225.9,1.3,44.1,205.0,4.6,2.0,71.0,430.9,6.1,6.9,55.6,0.6,0.9,1.4,20.4,29.9,68.4,274.3,2.3,39.7,175.1,4.4,1.7,69.6,449.4,6.5,4.7,38.1,0.6,0.3,0.9,25.6,37.7,67.8,324.0,2.0,30.7,112.3,3.7,1.7,68.4,436.3,6.4,5.9,51.3,0.7,0.4,1.1,28.3,40.4,70.0,367.1,2.7,34.9,161.4,4.6,2.0,75.3,528.6,7.0,6.9,63.0,1.1,0.9,2.0
25.6,37.7,67.8,324.0,2.0,30.7,112.3,3.7,1.7,68.4,436.3,6.4,5.9,51.3,0.7,0.4,1.1,28.3,40.4,70.0,367.1,2.7,34.9,161.4,4.6,2.0,75.3,528.6,7.0,6.9,63.0,1.1,0.9,2.0,27.4,42.4,64.6,272.6,1.0,29.7,67.3,2.3,1.3,72.1,339.9,4.7,6.1,57.4,1.3,0.4,1.7,18.6,28.1,66.0,271.7,2.0,40.1,193.1,4.8,2.9,68.3,464.9,6.8,8.0,61.0,0.4,0.7,1.1
15.1,29.3,51.7,190.4,1.1,35.9,115.3,3.2,1.3,65.1,305.7,4.7,8.0,72.9,0.7,1.6,2.3,18.1,29.1,62.3,242.9,1.9,36.1,141.7,3.9,1.7,65.3,384.6,5.9,7.3,58.0,1.1,0.6,1.7,25.6,37.7,67.8,324.0,2.0,30.7,112.3,3.7,1.7,68.4,436.3,6.4,5.9,51.3,0.7,0.4,1.1,28.3,40.4,70.0,367.1,2.7,34.9,161.4,4.6,2.0,75.3,528.6,7.0,6.9,63.0,1.1,0.9,2.0
28.7,43.0,66.8,380.0,2.9,32.4,132.3,4.1,2.6,75.4,512.3,6.8,6.3,59.3,0.1,0.6,0.7,19.9,30.7,64.7,258.3,2.4,34.1,117.4,3.4,1.0,64.9,375.7,5.8,6.6,50.3,0.3,0.9,1.1,15.9,26.9,59.0,225.9,1.3,44.1,205.0,4.6,2.0,71.0,430.9,6.1,6.9,55.6,0.6,0.9,1.4,20.4,29.9,68.4,274.3,2.3,39.7,175.1,4.4,1.7,69.6,449.4,6.5,4.7,38.1,0.6,0.3,0.9
26.4,37.6,70.3,329.9,1.6,35.1,196.7,5.6,3.4,72.7,526.6,7.2,4.0,39.1,0.7,0.1,0.9,16.6,30.4,54.5,163.7,0.6,25.3,83.4,3.3,0.1,55.7,247.1,4.4,5.9,45.9,0.4,0.9,1.3,15.9,26.9,59.0,225.9,1.3,44.1,205.0,4.6,2.0,71.0,430.9,6.1,6.9,55.6,0.6,0.9,1.4,20.4,29.9,68.4,274.3,2.3,39.7,175.1,4.4,1.7,69.6,449.4,6.5,4.7,38.1,0.6,0.3,0.9
16.0,26.3,60.9,209.1,2.6,40.7,193.3,4.7,2.1,67.0,402.4,6.0,6.1,44.7,0.6,0.7,1.3,18.4,31.7,58.1,194.4,1.4,39.7,164.4,4.1,2.0,71.4,358.9,5.0,8.3,73.7,0.6,1.0,1.6,15.9,26.9,59.0,225.9,1.3,44.1,205.0,4.6,2.0,71.0,430.9,6.1,6.9,55.6,0.6,0.9,1.4,20.4,29.9,68.4,274.3,2.3,39.7,175.1,4.4,1.7,69.6,449.4,6.5,4.7,38.1,0.6,0.3,0.9
22.3,31.5,70.9,347.8,3.0,43.5,203.2,4.7,3.2,75.0,551.0,7.3,8.0,72.0,1.0,0.2,1.2,28.8,45.8,62.9,332.0,1.3,32.0,93.5,2.9,1.3,77.8,425.5,5.5,10.3,74.3,1.0,0.8,1.8,27.4,42.4,64.6,272.6,1.0,29.7,67.3,2.3,1.3,72.1,339.9,4.7,6.1,57.4,1.3,0.4,1.7,18.6,28.1,66.0,271.7,2.0,40.1,193.1,4.8,2.9,68.3,464.9,6.8,8.0,61.0,0.4,0.7,1.1
27.4,42.4,64.6,272.6,1.0,29.7,67.3,2.3,1.3,72.1,339.9,4.7,6.1,57.4,1.3,0.4,1.7,18.6,28.1,66.0,271.7,2.0,40.1,193.1,4.8,2.9,68.3,464.9,6.8,8.0,61.0,0.4,0.7,1.1,22.9,41.1,55.6,258.3,1.9,36.1,134.3,3.7,1.6,77.3,392.6,5.1,7.3,67.3,1.4,0.6,2.0,21.3,35.3,60.3,244.0,2.0,36.9,124.3,3.4,1.9,72.1,368.3,5.1,5.1,44.1,0.9,0.3,1.1
11.3,23.2,48.9,108.3,0.7,37.2,176.3,4.7,0.8,60.3,284.7,4.7,8.0,59.5,0.7,0.7,1.3,20.0,33.5,59.7,227.5,1.8,35.3,166.7,4.7,1.5,68.8,394.2,5.7,5.8,46.2,0.7,0.8,1.5,16.0,26.3,60.9,209.1,2.6,40.7,193.3,4.7,2.1,67.0,402.4,6.0,6.1,44.7,0.6,0.7,1.3,18.4,31.7,58.1,194.4,1.4,39.7,164.4,4.1,2.0,71.4,358.9,5.0,8.3,73.7,0.6,1.0,1.6
16.0,26.3,60.9,209.1,2.6,40.7,193.3,4.7,2.1,67.0,402.4,6.0,6.1,44.7,0.6,0.7,1.3,18.4,31.7,58.1,194.4,1.4,39.7,164.4,4.1,2.0,71.4,358.9,5.0,8.3,73.7,0.6,1.0,1.6,22.9,41.1,55.6,258.3,1.9,36.1,134.3,3.7,1.6,77.3,392.6,5.1,7.3,67.3,1.4,0.6,2.0,21.3,35.3,60.3,244.0,2.0,36.9,124.3,3.4,1.9,72.1,368.3,5.1,5.1,44.1,0.9,0.3,1.1
17.7,28.4,62.3,207.7,1.9,40.3,193.0,4.8,2.1,68.7,400.7,5.8,6.0,54.4,0.1,1.0,1.1,20.9,31.9,65.5,278.0,3.3,33.6,116.1,3.5,0.9,65.4,394.1,6.0,4.9,44.1,0.6,0.9,1.4,16.0,26.3,60.9,209.1,2.6,40.7,193.3,4.7,2.1,67.0,402.4,6.0,6.1,44.7,0.6,0.7,1.3,18.4,31.7,58.1,194.4,1.4,39.7,164.4,4.1,2.0,71.4,358.9,5.0,8.3,73.7,0.6,1.0,1.6
22.3,31.5,70.9,347.8,3.0,43.5,203.2,4.7,3.2,75.0,551.0,7.3,8.0,72.0,1.0,0.2,1.2,28.8,45.8,62.9,332.0,1.3,32.0,93.5,2.9,1.3,77.8,425.5,5.5,10.3,74.3,1.0,0.8,1.8,26.4,42.7,61.9,258.1,1.7,35.9,144.6,4.0,1.1,78.6,402.7,5.1,5.9,52.7,0.6,1.0,1.6,20.0,33.1,60.3,213.1,1.6,44.3,190.3,4.3,2.3,77.4,403.4,5.2,6.3,54.4,1.0,0.7,1.7
26.4,42.7,61.9,258.1,1.7,35.9,144.6,4.0,1.1,78.6,402.7,5.1,5.9,52.7,0.6,1.0,1.6,20.0,33.1,60.3,213.1,1.6,44.3,190.3,4.3,2.3,77.4,403.4,5.2,6.3,54.4,1.0,0.7,1.7,15.1,29.3,51.7,190.4,1.1,35.9,115.3,3.2,1.3,65.1,305.7,4.7,8.0,72.9,0.7,1.6,2.3,18.1,29.1,62.3,242.9,1.9,36.1,141.7,3.9,1.7,65.3,384.6,5.9,7.3,58.0,1.1,0.6,1.7
30.0,49.7,60.3,358.7,2.4,29.7,147.1,5.0,2.1,79.4,505.9,6.4,4.9,45.9,0.1,1.7,1.9,20.7,33.6,61.7,264.0,1.6,40.0,221.7,5.5,2.4,73.6,485.7,6.6,7.7,67.7,0.4,1.1,1.6,26.4,42.7,61.9,258.1,1.7,35.9,144.6,4.0,1.1,78.6,402.7,5.1,5.9,52.7,0.6,1.0,1.6,20.0,33.1,60.3,213.1,1.6,44.3,190.3,4.3,2.3,77.4,403.4,5.2,6.3,54.4,1.0,0.7,1.7
26.4,42.7,61.9,258.1,1.7,35.9,144.6,4.0,1.1,78.6,402.7,5.1,5.9,52.7,0.6,1.0,1.6,20.0,33.1,60.3,213.1,1.6,44.3,190.3,4.3,2.3,77.4,403.4,5.2,6.3,54.4,1.0,0.7,1.7,17.7,28.4,62.3,207.7,1.9,40.3,193.0,4.8,2.1,68.7,400.7,5.8,6.0,54.4,0.1,1.0,1.1,20.9,31.9,65.5,278.0,3.3,33.6,116.1,3.5,0.9,65.4,394.1,6.0,4.9,44.1,0.6,0.9,1.4
22.9,41.1,55.6,258.3,1.9,36.1,134.3,3.7,1.6,77.3,392.6,5.1,7.3,67.3,1.4,0.6,2.0,21.3,35.3,60.3,244.0,2.0,36.9,124.3,3.4,1.9,72.1,368.3,5.1,5.1,44.1,0.9,0.3,1.1,26.4,42.7,61.9,258.1,1.7,35.9,144.6,4.0,1.1,78.6,402.7,5.1,5.9,52.7,0.6,1.0,1.6,20.0,33.1,60.3,213.1,1.6,44.3,190.3,4.3,2.3,77.4,403.4,5.2,6.3,54.4,1.0,0.7,1.7
18.5,28.7,64.5,217.0,1.2,31.7,136.3,4.3,1.8,60.3,353.3,5.9,7.8,75.8,0.7,0.7,1.3,22.5,35.0,64.3,241.7,1.3,38.0,166.8,4.4,2.3,73.0,408.5,5.6,5.7,50.7,0.0,1.2,1.2,17.6,28.4,61.8,220.9,1.9,35.4,139.0,3.9,1.7,63.9,359.9,5.6,7.6,67.9,0.9,1.3,2.1,18.9,31.3,60.3,222.6,1.9,39.1,172.4,4.4,2.0,70.4,395.0,5.6,9.0,82.1,0.4,0.3,0.7
15.1,29.3,51.7,190.4,1.1,35.9,115.3,3.2,1.3,65.1,305.7,4.7,8.0,72.9,0.7,1.6,2.3,18.1,29.1,62.3,242.9,1.9,36.1,141.7,3.9,1.7,65.3,384.6,5.9,7.3,58.0,1.1,0.6,1.7,17.6,28.4,61.8,220.9,1.9,35.4,139.0,3.9,1.7,63.9,359.9,5.6,7.6,67.9,0.9,1.3,2.1,18.9,31.3,60.3,222.6,1.9,39.1,172.4,4.4,2.0,70.4,395.0,5.6,9.0,82.1,0.4,0.3,0.7
17.6,28.4,61.8,220.9,1.9,35.4,139.0,3.9,1.7,63.9,359.9,5.6,7.6,67.9,0.9,1.3,2.1,18.9,31.3,60.3,222.6,1.9,39.1,172.4,4.4,2.0,70.4,395.0,5.6,9.0,82.1,0.4,0.3,0.7,17.7,28.4,62.3,207.7,1.9,40.3,193.0,4.8,2.1,68.7,400.7,5.8,6.0,54.4,0.1,1.0,1.1,20.9,31.9,65.5,278.0,3.3,33.6,116.1,3.5,0.9,65.4,394.1,6.0,4.9,44.1,0.6,0.9,1.4
22.9,41.1,55.6,258.3,1.9,36.1,134.3,3.7,1.6,77.3,392.6,5.1,7.3,67.3,1.4,0.6,2.0,21.3,35.3,60.3,244.0,2.0,36.9,124.3,3.4,1.9,72.1,368.3,5.1,5.1,44.1,0.9,0.3,1.1,23.0,35.3,65.1,297.5,2.2,38.8,164.8,4.2,2.0,74.2,462.3,6.2,8.3,77.2,0.3,0.7,1.0,19.7,33.7,58.4,228.8,1.8,30.2,95.2,3.2,0.5,63.8,324.0,5.1,5.3,52.0,1.0,1.3,2.3
17.7,28.4,62.3,207.7,1.9,40.3,193.0,4.8,2.1,68.7,400.7,5.8,6.0,54.4,0.1,1.0,1.1,20.9,31.9,65.5,278.0,3.3,33.6,116.1,3.5,0.9,65.4,394.1,6.0,4.9,44.1,0.6,0.9,1.4,17.1,28.4,60.3,197.0,2.0,34.1,150.0,4.4,1.4,62.6,347.0,5.5,5.1,45.0,1.3,0.1,1.4,24.6,37.0,66.4,333.0,2.9,34.1,160.7,4.7,2.1,71.1,493.7,6.9,6.0,52.3,0.9,0.4,1.3
18.7,27.6,67.9,260.3,2.1,36.6,113.4,3.1,0.9,64.1,373.7,5.8,5.4,35.1,0.9,0.9,1.7,16.1,28.9,55.9,178.3,0.6,29.7,117.1,3.9,1.0,58.6,295.4,5.0,6.1,47.1,0.3,0.9,1.1,17.7,28.4,62.3,207.7,1.9,40.3,193.0,4.8,2.1,68.7,400.7,5.8,6.0,54.4,0.1,1.0,1.1,20.9,31.9,65.5,278.0,3.3,33.6,116.1,3.5,0.9,65.4,394.1,6.0,4.9,44.1,0.6,0.9,1.4
19.7,34.8,56.5,271.5,1.2,29.8,101.3,3.4,1.8,64.7,372.8,5.8,6.2,49.8,0.2,0.2,0.3,15.5,25.7,60.4,169.0,1.0,36.2,126.3,3.5,0.7,61.8,295.3,4.8,7.2,64.3,0.7,1.2,1.8,15.1,29.3,51.7,190.4,1.1,35.9,115.3,3.2,1.3,65.1,305.7,4.7,8.0,72.9,0.7,1.6,2.3,18.1,29.1,62.3,242.9,1.9,36.1,141.7,3.9,1.7,65.3,384.6,5.9,7.3,58.0,1.1,0.6,1.7
16.6,27.3,60.7,234.1,1.4,38.7,184.1,4.8,2.6,66.0,418.3,6.3,6.3,57.4,0.1,1.6,1.7,20.1,35.6,56.6,234.1,1.1,29.6,125.4,4.2,1.6,65.1,359.6,5.5,5.6,48.7,0.3,1.1,1.4,15.7,27.0,58.0,152.2,1.3,38.0,185.5,4.9,1.7,65.0,337.7,5.2,5.0,43.3,0.5,1.0,1.5,10.8,22.2,48.9,134.3,0.8,34.8,101.8,2.9,0.8,57.0,236.2,4.1,7.3,51.0,0.3,0.8,1.2
12.0,21.3,56.4,123.4,0.4,40.0,137.6,3.4,1.4,61.3,261.0,4.3,7.3,60.7,0.4,1.1,1.6,17.9,30.0,59.5,215.0,1.1,31.7,114.6,3.6,1.1,61.7,329.6,5.3,6.7,71.9,0.9,1.0,1.9,15.7,27.0,58.0,152.2,1.3,38.0,185.5,4.9,1.7,65.0,337.7,5.2,5.0,43.3,0.5,1.0,1.5,10.8,22.2,48.9,134.3,0.8,34.8,101.8,2.9,0.8,57.0,236.2,4.1,7.3,51.0,0.3,0.8,1.2
15.7,27.0,58.0,152.2,1.3,38.0,185.5,4.9,1.7,65.0,337.7,5.2,5.0,43.3,0.5,1.0,1.5,10.8,22.2,48.9,134.3,0.8,34.8,101.8,2.9,0.8,57.0,236.2,4.1,7.3,51.0,0.3,0.8,1.2,11.3,23.2,48.9,108.3,0.7,37.2,176.3,4.7,0.8,60.3,284.7,4.7,8.0,59.5,0.7,0.7,1.3,20.0,33.5,59.7,227.5,1.8,35.3,166.7,4.7,1.5,68.8,394.2,5.7,5.8,46.2,0.7,0.8,1.5
15.7,27.0,58.0,152.2,1.3,38.0,185.5,4.9,1.7,65.0,337.7,5.2,5.0,43.3,0.5,1.0,1.5,10.8,22.2,48.9,134.3,0.8,34.8,101.8,2.9,0.8,57.0,236.2,4.1,7.3,51.0,0.3,0.8,1.2,23.2,33.0,70.2,253.2,0.8,31.8,116.2,3.6,1.7,64.8,369.3,5.7,5.0,44.8,0.7,1.0,1.7,16.5,30.3,54.4,212.2,1.3,39.2,174.7,4.5,1.8,69.5,386.8,5.6,6.3,54.0,0.3,0.3,0.7
13.4,24.7,54.3,147.1,1.3,36.3,150.1,4.1,0.7,61.0,297.3,4.9,4.1,37.1,0.4,0.4,0.9,20.3,33.6,60.4,240.4,1.9,36.3,147.4,4.1,1.4,69.9,387.9,5.6,6.6,61.6,0.7,0.6,1.3,3.4,7.3,47.1,80.4,0.9,60.7,359.9,5.9,3.3,68.0,440.3,6.5,3.7,29.9,1.1,0.1,1.3,13.4,22.0,61.0,155.9,0.9,29.0,128.0,4.4,1.1,51.0,283.9,5.6,3.7,29.7,0.9,0.7,1.6
13.4,24.7,54.3,147.1,1.3,36.3,150.1,4.1,0.7,61.0,297.3,4.9,4.1,37.1,0.4,0.4,0.9,20.3,33.6,60.4,240.4,1.9,36.3,147.4,4.1,1.4,69.9,387.9,5.6,6.6,61.6,0.7,0.6,1.3,19.7,34.8,56.5,271.5,1.2,29.8,101.3,3.4,1.8,64.7,372.8,5.8,6.2,49.8,0.2,0.2,0.3,15.5,25.7,60.4,169.0,1.0,36.2,126.3,3.5,0.7,61.8,295.3,4.8,7.2,64.3,0.7,1.2,1.8
12.0,21.3,56.4,123.4,0.4,40.0,137.6,3.4,1.4,61.3,261.0,4.3,7.3,60.7,0.4,1.1,1.6,17.9,30.0,59.5,215.0,1.1,31.7,114.6,3.6,1.1,61.7,329.6,5.3,6.7,71.9,0.9,1.0,1.9,13.4,24.7,54.3,147.1,1.3,36.3,150.1,4.1,0.7,61.0,297.3,4.9,4.1,37.1,0.4,0.4,0.9,20.3,33.6,60.4,240.4,1.9,36.3,147.4,4.1,1.4,69.9,387.9,5.6,6.6,61.6,0.7,0.6,1.3
22.1,33.6,66.0,276.3,3.0,36.1,236.7,6.5,2.3,69.7,513.0,7.4,9.4,79.9,0.9,0.7,1.6,17.0,31.1,54.6,197.6,1.1,35.9,98.4,2.7,0.9,67.0,296.0,4.4,6.4,47.1,0.6,0.4,1.0,17.6,31.6,55.7,194.4,1.6,42.0,173.6,4.1,0.7,73.6,368.0,5.0,9.3,84.3,0.7,1.9,2.6,15.3,28.4,53.8,193.9,2.0,41.3,186.4,4.5,1.4,69.7,380.3,5.5,7.6,64.4,0.3,1.1,1.4
17.6,31.6,55.7,194.4,1.6,42.0,173.6,4.1,0.7,73.6,368.0,5.0,9.3,84.3,0.7,1.9,2.6,15.3,28.4,53.8,193.9,2.0,41.3,186.4,4.5,1.4,69.7,380.3,5.5,7.6,64.4,0.3,1.1,1.4,19.4,28.9,67.3,221.6,1.6,33.9,136.3,4.0,1.9,62.7,357.9,5.7,6.0,61.1,0.7,0.4,1.1,17.0,27.6,61.7,213.6,1.4,41.4,164.4,4.0,1.9,69.0,378.0,5.5,4.7,44.0,0.1,1.6,1.7
17.6,31.6,55.7,194.4,1.6,42.0,173.6,4.1,0.7,73.6,368.0,5.0,9.3,84.3,0.7,1.9,2.6,15.3,28.4,53.8,193.9,2.0,41.3,186.4,4.5,1.4,69.7,380.3,5.5,7.6,64.4,0.3,1.1,1.4,3.4,7.3,47.1,80.4,0.9,60.7,359.9,5.9,3.3,68.0,440.3,6.5,3.7,29.9,1.1,0.1,1.3,13.4,22.0,61.0,155.9,0.9,29.0,128.0,4.4,1.1,51.0,283.9,5.6,3.7,29.7,0.9,0.7,1.6
16.2,27.0,59.9,170.7,1.0,33.3,76.7,2.3,0.2,60.3,247.3,4.1,7.7,68.8,1.0,1.2,2.2,21.5,34.5,62.3,231.3,1.5,40.0,169.5,4.2,2.2,74.5,400.8,5.4,4.7,44.2,0.7,0.8,1.5,17.6,31.6,55.7,194.4,1.6,42.0,173.6,4.1,0.7,73.6,368.0,5.0,9.3,84.3,0.7,1.9,2.6,15.3,28.4,53.8,193.9,2.0,41.3,186.4,4.5,1.4,69.7,380.3,5.5,7.6,64.4,0.3,1.1,1.4
3.4,7.3,47.1,80.4,0.9,60.7,359.9,5.9,3.3,68.0,440.3,6.5,3.7,29.9,1.1,0.1,1.3,13.4,22.0,61.0,155.9,0.9,29.0,128.0,4.4,1.1,51.0,283.9,5.6,3.7,29.7,0.9,0.7,1.6,17.2,32.0,53.6,171.7,0.8,32.5,113.8,3.5,0.8,64.5,285.5,4.4,4.7,41.7,1.3,0.5,1.8,18.8,29.7,63.5,222.5,2.2,40.3,251.0,6.2,2.7,70.0,473.5,6.8,5.5,46.7,0.8,0.3,1.2
3.4,7.3,47.1,80.4,0.9,60.7,359.9,5.9,3.3,68.0,440.3,6.5,3.7,29.9,1.1,0.1,1.3,13.4,22.0,61.0,155.9,0.9,29.0,128.0,4.4,1.1,51.0,283.9,5.6,3.7,29.7,0.9,0.7,1.6,17.1,30.6,56.1,166.9,0.3,37.0,123.0,3.3,2.1,67.6,289.9,4.3,5.4,51.3,0.6,0.3,0.9,15.7,26.9,58.5,207.4,1.4,40.3,184.3,4.6,1.7,67.1,391.7,5.8,9.9,83.3,0.7,1.4,2.1
19.4,28.9,67.3,221.6,1.6,33.9,136.3,4.0,1.9,62.7,357.9,5.7,6.0,61.1,0.7,0.4,1.1,17.0,27.6,61.7,213.6,1.4,41.4,164.4,4.0,1.9,69.0,378.0,5.5,4.7,44.0,0.1,1.6,1.7,3.4,7.3,47.1,80.4,0.9,60.7,359.9,5.9,3.3,68.0,440.3,6.5,3.7,29.9,1.1,0.1,1.3,13.4,22.0,61.0,155.9,0.9,29.0,128.0,4.4,1.1,51.0,283.9,5.6,3.7,29.7,0.9,0.7,1.6
25.0,39.6,63.2,280.3,2.3,24.9,89.0,3.6,0.7,64.4,369.3,5.7,5.4,47.6,0.7,1.1,1.9,21.3,33.3,63.9,243.6,1.4,36.1,123.7,3.4,0.7,69.4,367.3,5.3,7.1,62.0,0.4,0.9,1.3,16.2,27.0,59.9,170.7,1.0,33.3,76.7,2.3,0.2,60.3,247.3,4.1,7.7,68.8,1.0,1.2,2.2,21.5,34.5,62.3,231.3,1.5,40.0,169.5,4.2,2.2,74.5,400.8,5.4,4.7,44.2,0.7,0.8,1.5
17.1,30.6,56.1,166.9,0.3,37.0,123.0,3.3,2.1,67.6,289.9,4.3,5.4,51.3,0.6,0.3,0.9,15.7,26.9,58.5,207.4,1.4,40.3,184.3,4.6,1.7,67.1,391.7,5.8,9.9,83.3,0.7,1.4,2.1,16.2,27.0,59.9,170.7,1.0,33.3,76.7,2.3,0.2,60.3,247.3,4.1,7.7,68.8,1.0,1.2,2.2,21.5,34.5,62.3,231.3,1.5,40.0,169.5,4.2,2.2,74.5,400.8,5.4,4.7,44.2,0.7,0.8,1.5
19.4,28.9,67.3,221.6,1.6,33.9,136.3,4.0,1.9,62.7,357.9,5.7,6.0,61.1,0.7,0.4,1.1,17.0,27.6,61.7,213.6,1.4,41.4,164.4,4.0,1.9,69.0,378.0,5.5,4.7,44.0,0.1,1.6,1.7,12.0,21.3,56.4,123.4,0.4,40.0,137.6,3.4,1.4,61.3,261.0,4.3,7.3,60.7,0.4,1.1,1.6,17.9,30.0,59.5,215.0,1.1,31.7,114.6,3.6,1.1,61.7,329.6,5.3,6.7,71.9,0.9,1.0,1.9
14.6,28.1,51.8,207.6,0.7,37.7,170.1,4.5,2.0,65.9,377.7,5.7,6.6,54.1,0.9,1.4,2.3,16.7,28.6,58.5,186.6,0.7,42.1,204.4,4.9,2.7,70.7,391.0,5.5,7.7,60.1,0.4,0.3,0.7,19.7,34.8,56.5,271.5,1.2,29.8,101.3,3.4,1.8,64.7,372.8,5.8,6.2,49.8,0.2,0.2,0.3,15.5,25.7,60.4,169.0,1.0,36.2,126.3,3.5,0.7,61.8,295.3,4.8,7.2,64.3,0.7,1.2,1.8
19.7,34.8,56.5,271.5,1.2,29.8,101.3,3.4,1.8,64.7,372.8,5.8,6.2,49.8,0.2,0.2,0.3,15.5,25.7,60.4,169.0,1.0,36.2,126.3,3.5,0.7,61.8,295.3,4.8,7.2,64.3,0.7,1.2,1.8,19.4,28.9,67.3,221.6,1.6,33.9,136.3,4.0,1.9,62.7,357.9,5.7,6.0,61.1,0.7,0.4,1.1,17.0,27.6,61.7,213.6,1.4,41.4,164.4,4.0,1.9,69.0,378.0,5.5,4.7,44.0,0.1,1.6,1.7
23.2,33.0,70.2,253.2,0.8,31.8,116.2,3.6,1.7,64.8,369.3,5.7,5.0,44.8,0.7,1.0,1.7,16.5,30.3,54.4,212.2,1.3,39.2,174.7,4.5,1.8,69.5,386.8,5.6,6.3,54.0,0.3,0.3,0.7,19.7,34.8,56.5,271.5,1.2,29.8,101.3,3.4,1.8,64.7,372.8,5.8,6.2,49.8,0.2,0.2,0.3,15.5,25.7,60.4,169.0,1.0,36.2,126.3,3.5,0.7,61.8,295.3,4.8,7.2,64.3,0.7,1.2,1.8
23.0,38.0,60.5,252.7,1.5,30.3,128.7,4.2,1.2,68.3,381.3,5.6,5.8,54.8,0.2,0.5,0.7,23.8,37.5,63.6,258.7,1.7,30.8,118.5,3.8,1.2,68.3,377.2,5.5,6.3,64.7,0.7,1.3,2.0,19.4,28.9,67.3,221.6,1.6,33.9,136.3,4.0,1.9,62.7,357.9,5.7,6.0,61.1,0.7,0.4,1.1,17.0,27.6,61.7,213.6,1.4,41.4,164.4,4.0,1.9,69.0,378.0,5.5,4.7,44.0,0.1,1.6,1.7
11.3,23.2,48.9,108.3,0.7,37.2,176.3,4.7,0.8,60.3,284.7,4.7,8.0,59.5,0.7,0.7,1.3,20.0,33.5,59.7,227.5,1.8,35.3,166.7,4.7,1.5,68.8,394.2,5.7,5.8,46.2,0.7,0.8,1.5,25.6,41.1,62.2,334.4,2.7,30.7,130.7,4.3,1.3,71.9,465.1,6.5,5.0,41.4,0.6,1.0,1.6,21.1,29.7,71.2,246.7,2.0,35.7,207.4,5.8,2.9,65.4,454.1,6.9,5.7,55.1,0.7,0.3,1.0
22.1,32.0,69.2,280.3,2.3,38.6,192.4,5.0,2.7,70.6,472.7,6.7,5.3,44.1,0.6,0.4,1.0,16.4,28.4,57.8,208.1,1.6,30.9,142.0,4.6,1.3,59.3,350.1,5.9,8.1,67.4,0.4,1.4,1.9,11.3,23.2,48.9,108.3,0.7,37.2,176.3,4.7,0.8,60.3,284.7,4.7,8.0,59.5,0.7,0.7,1.3,20.0,33.5,59.7,227.5,1.8,35.3,166.7,4.7,1.5,68.8,394.2,5.7,5.8,46.2,0.7,0.8,1.5
11.3,23.2,48.9,108.3,0.7,37.2,176.3,4.7,0.8,60.3,284.7,4.7,8.0,59.5,0.7,0.7,1.3,20.0,33.5,59.7,227.5,1.8,35.3,166.7,4.7,1.5,68.8,394.2,5.7,5.8,46.2,0.7,0.8,1.5,19.4,36.4,53.3,193.1,0.4,32.1,136.0,4.2,1.7,68.6,329.1,4.8,6.4,55.1,0.7,1.0,1.7,18.7,30.4,61.5,229.9,1.6,36.0,211.4,5.9,2.7,66.4,441.3,6.6,4.7,45.7,0.6,0.9,1.4
23.2,33.0,70.2,253.2,0.8,31.8,116.2,3.6,1.7,64.8,369.3,5.7,5.0,44.8,0.7,1.0,1.7,16.5,30.3,54.4,212.2,1.3,39.2,174.7,4.5,1.8,69.5,386.8,5.6,6.3,54.0,0.3,0.3,0.7,16.6,27.3,60.7,234.1,1.4,38.7,184.1,4.8,2.6,66.0,418.3,6.3,6.3,57.4,0.1,1.6,1.7,20.1,35.6,56.6,234.1,1.1,29.6,125.4,4.2,1.6,65.1,359.6,5.5,5.6,48.7,0.3,1.1,1.4
19.4,36.4,53.3,193.1,0.4,32.1,136.0,4.2,1.7,68.6,329.1,4.8,6.4,55.1,0.7,1.0,1.7,18.7,30.4,61.5,229.9,1.6,36.0,211.4,5.9,2.7,66.4,441.3,6.6,4.7,45.7,0.6,0.9,1.4,17.1,28.4,60.3,197.0,2.0,34.1,150.0,4.4,1.4,62.6,347.0,5.5,5.1,45.0,1.3,0.1,1.4,24.6,37.0,66.4,333.0,2.9,34.1,160.7,4.7,2.1,71.1,493.7,6.9,6.0,52.3,0.9,0.4,1.3
19.4,36.4,53.3,193.1,0.4,32.1,136.0,4.2,1.7,68.6,329.1,4.8,6.4,55.1,0.7,1.0,1.7,18.7,30.4,61.5,229.9,1.6,36.0,211.4,5.9,2.7,66.4,441.3,6.6,4.7,45.7,0.6,0.9,1.4,17.1,30.6,56.1,166.9,0.3,37.0,123.0,3.3,2.1,67.6,289.9,4.3,5.4,51.3,0.6,0.3,0.9,15.7,26.9,58.5,207.4,1.4,40.3,184.3,4.6,1.7,67.1,391.7,5.8,9.9,83.3,0.7,1.4,2.1
17.1,30.6,56.1,166.9,0.3,37.0,123.0,3.3,2.1,67.6,289.9,4.3,5.4,51.3,0.6,0.3,0.9,15.7,26.9,58.5,207.4,1.4,40.3,184.3,4.6,1.7,67.1,391.7,5.8,9.9,83.3,0.7,1.4,2.1,22.9,36.3,63.0,242.1,2.0,33.0,95.9,2.9,0.6,69.3,338.0,4.9,5.7,50.9,0.9,1.0,1.9,23.1,35.1,65.9,236.7,0.9,32.4,124.1,3.8,2.0,67.6,360.9,5.3,5.7,55.1,0.7,1.0,1.7
23.7,32.0,74.0,294.2,2.8,38.5,211.5,5.5,2.5,70.5,505.7,7.2,7.5,57.3,0.7,0.5,1.2,23.8,38.2,62.4,245.8,1.3,32.5,99.0,3.0,1.2,70.7,344.8,4.9,6.0,55.5,1.0,1.2,2.2,23.0,35.3,65.1,297.5,2.2,38.8,164.8,4.2,2.0,74.2,462.3,6.2,8.3,77.2,0.3,0.7,1.0,19.7,33.7,58.4,228.8,1.8,30.2,95.2,3.2,0.5,63.8,324.0,5.1,5.3,52.0,1.0,1.3,2.3
17.2,32.0,53.6,171.7,0.8,32.5,113.8,3.5,0.8,64.5,285.5,4.4,4.7,41.7,1.3,0.5,1.8,18.8,29.7,63.5,222.5,2.2,40.3,251.0,6.2,2.7,70.0,473.5,6.8,5.5,46.7,0.8,0.3,1.2,23.7,32.0,74.0,294.2,2.8,38.5,211.5,5.5,2.5,70.5,505.7,7.2,7.5,57.3,0.7,0.5,1.2,23.8,38.2,62.4,245.8,1.3,32.5,99.0,3.0,1.2,70.7,344.8,4.9,6.0,55.5,1.0,1.2,2.2
23.7,32.0,74.0,294.2,2.8,38.5,211.5,5.5,2.5,70.5,505.7,7.2,7.5,57.3,0.7,0.5,1.2,23.8,38.2,62.4,245.8,1.3,32.5,99.0,3.0,1.2,70.7,344.8,4.9,6.0,55.5,1.0,1.2,2.2,28.7,43.0,66.8,380.0,2.9,32.4,132.3,4.1,2.6,75.4,512.3,6.8,6.3,59.3,0.1,0.6,0.7,19.9,30.7,64.7,258.3,2.4,34.1,117.4,3.4,1.0,64.9,375.7,5.8,6.6,50.3,0.3,0.9,1.1
23.7,32.0,74.0,294.2,2.8,38.5,211.5,5.5,2.5,70.5,505.7,7.2,7.5,57.3,0.7,0.5,1.2,23.8,38.2,62.4,245.8,1.3,32.5,99.0,3.0,1.2,70.7,344.8,4.9,6.0,55.5,1.0,1.2,2.2,22.1,32.0,69.2,280.3,2.3,38.6,192.4,5.0,2.7,70.6,472.7,6.7,5.3,44.1,0.6,0.4,1.0,16.4,28.4,57.8,208.1,1.6,30.9,142.0,4.6,1.3,59.3,350.1,5.9,8.1,67.4,0.4,1.4,1.9
23.8,34.3,69.4,270.8,2.0,38.8,241.7,6.2,3.2,73.2,512.5,7.0,7.8,69.3,0.0,0.8,0.8,25.7,38.2,67.2,275.3,2.2,26.8,98.0,3.7,1.3,65.0,373.3,5.7,5.3,46.2,0.5,0.8,1.3,26.4,37.6,70.3,329.9,1.6,35.1,196.7,5.6,3.4,72.7,526.6,7.2,4.0,39.1,0.7,0.1,0.9,16.6,30.4,54.5,163.7,0.6,25.3,83.4,3.3,0.1,55.7,247.1,4.4,5.9,45.9,0.4,0.9,1.3
25.0,39.6,63.2,280.3,2.3,24.9,89.0,3.6,0.7,64.4,369.3,5.7,5.4,47.6,0.7,1.1,1.9,21.3,33.3,63.9,243.6,1.4,36.1,123.7,3.4,0.7,69.4,367.3,5.3,7.1,62.0,0.4,0.9,1.3,23.8,34.3,69.4,270.8,2.0,38.8,241.7,6.2,3.2,73.2,512.5,7.0,7.8,69.3,0.0,0.8,0.8,25.7,38.2,67.2,275.3,2.2,26.8,98.0,3.7,1.3,65.0,373.3,5.7,5.3,46.2,0.5,0.8,1.3
23.8,34.3,69.4,270.8,2.0,38.8,241.7,6.2,3.2,73.2,512.5,7.0,7.8,69.3,0.0,0.8,0.8,25.7,38.2,67.2,275.3,2.2,26.8,98.0,3.7,1.3,65.0,373.3,5.7,5.3,46.2,0.5,0.8,1.3,21.5,33.7,63.9,266.0,2.0,35.3,131.7,3.7,1.3,69.0,397.7,5.8,3.8,36.7,1.5,0.8,2.3,17.0,28.8,59.0,212.3,1.8,36.3,197.5,5.4,1.7,65.2,409.8,6.3,7.7,70.2,0.3,0.3,0.7
25.6,41.1,62.2,334.4,2.7,30.7,130.7,4.3,1.3,71.9,465.1,6.5,5.0,41.4,0.6,1.0,1.6,21.1,29.7,71.2,246.7,2.0,35.7,207.4,5.8,2.9,65.4,454.1,6.9,5.7,55.1,0.7,0.3,1.0,23.8,34.3,69.4,270.8,2.0,38.8,241.7,6.2,3.2,73.2,512.5,7.0,7.8,69.3,0.0,0.8,0.8,25.7,38.2,67.2,275.3,2.2,26.8,98.0,3.7,1.3,65.0,373.3,5.7,5.3,46.2,0.5,0.8,1.3
14.9,26.3,56.5,217.0,1.0,33.6,212.7,6.3,2.9,59.9,429.7,7.2,5.3,36.6,0.4,1.0,1.4,19.9,30.6,65.0,244.3,1.1,41.4,185.0,4.5,2.1,72.0,429.3,6.0,5.1,41.9,1.0,0.9,1.9,22.1,32.0,69.2,280.3,2.3,38.6,192.4,5.0,2.7,70.6,472.7,6.7,5.3,44.1,0.6,0.4,1.0,16.4,28.4,57.8,208.1,1.6,30.9,142.0,4.6,1.3,59.3,350.1,5.9,8.1,67.4,0.4,1.4,1.9
18.5,28.7,64.5,217.0,1.2,31.7,136.3,4.3,1.8,60.3,353.3,5.9,7.8,75.8,0.7,0.7,1.3,22.5,35.0,64.3,241.7,1.3,38.0,166.8,4.4,2.3,73.0,408.5,5.6,5.7,50.7,0.0,1.2,1.2,22.1,32.0,69.2,280.3,2.3,38.6,192.4,5.0,2.7,70.6,472.7,6.7,5.3,44.1,0.6,0.4,1.0,16.4,28.4,57.8,208.1,1.6,30.9,142.0,4.6,1.3,59.3,350.1,5.9,8.1,67.4,0.4,1.4,1.9
22.1,32.0,69.2,280.3,2.3,38.6,192.4,5.0,2.7,70.6,472.7,6.7,5.3,44.1,0.6,0.4,1.0,16.4,28.4,57.8,208.1,1.6,30.9,142.0,4.6,1.3,59.3,350.1,5.9,8.1,67.4,0.4,1.4,1.9,16.6,27.3,60.7,234.1,1.4,38.7,184.1,4.8,2.6,66.0,418.3,6.3,6.3,57.4,0.1,1.6,1.7,20.1,35.6,56.6,234.1,1.1,29.6,125.4,4.2,1.6,65.1,359.6,5.5,5.6,48.7,0.3,1.1,1.4
21.5,33.7,63.9,266.0,2.0,35.3,131.7,3.7,1.3,69.0,397.7,5.8,3.8,36.7,1.5,0.8,2.3,17.0,28.8,59.0,212.3,1.8,36.3,197.5,5.4,1.7,65.2,409.8,6.3,7.7,70.2,0.3,0.3,0.7,16.6,27.3,60.7,234.1,1.4,38.7,184.1,4.8,2.6,66.0,418.3,6.3,6.3,57.4,0.1,1.6,1.7,20.1,35.6,56.6,234.1,1.1,29.6,125.4,4.2,1.6,65.1,359.6,5.5,5.6,48.7,0.3,1.1,1.4
16.6,27.3,60.7,234.1,1.4,38.7,184.1,4.8,2.6,66.0,418.3,6.3,6.3,57.4,0.1,1.6,1.7,20.1,35.6,56.6,234.1,1.1,29.6,125.4,4.2,1.6,65.1,359.6,5.5,5.6,48.7,0.3,1.1,1.4,25.0,39.6,63.2,280.3,2.3,24.9,89.0,3.6,0.7,64.4,369.3,5.7,5.4,47.6,0.7,1.1,1.9,21.3,33.3,63.9,243.6,1.4,36.1,123.7,3.4,0.7,69.4,367.3,5.3,7.1,62.0,0.4,0.9,1.3
28.7,43.0,66.8,380.0,2.9,32.4,132.3,4.1,2.6,75.4,512.3,6.8,6.3,59.3,0.1,0.6,0.7,19.9,30.7,64.7,258.3,2.4,34.1,117.4,3.4,1.0,64.9,375.7,5.8,6.6,50.3,0.3,0.9,1.1,21.5,33.7,63.9,266.0,2.0,35.3,131.7,3.7,1.3,69.0,397.7,5.8,3.8,36.7,1.5,0.8,2.3,17.0,28.8,59.0,212.3,1.8,36.3,197.5,5.4,1.7,65.2,409.8,6.3,7.7,70.2,0.3,0.3,0.7
18.5,28.7,64.5,217.0,1.2,31.7,136.3,4.3,1.8,60.3,353.3,5.9,7.8,75.8,0.7,0.7,1.3,22.5,35.0,64.3,241.7,1.3,38.0,166.8,4.4,2.3,73.0,408.5,5.6,5.7,50.7,0.0,1.2,1.2,28.7,43.0,66.8,380.0,2.9,32.4,132.3,4.1,2.6,75.4,512.3,6.8,6.3,59.3,0.1,0.6,0.7,19.9,30.7,64.7,258.3,2.4,34.1,117.4,3.4,1.0,64.9,375.7,5.8,6.6,50.3,0.3,0.9,1.1
28.7,43.0,66.8,380.0,2.9,32.4,132.3,4.1,2.6,75.4,512.3,6.8,6.3,59.3,0.1,0.6,0.7,19.9,30.7,64.7,258.3,2.4,34.1,117.4,3.4,1.0,64.9,375.7,5.8,6.6,50.3,0.3,0.9,1.1,25.6,41.1,62.2,334.4,2.7,30.7,130.7,4.3,1.3,71.9,465.1,6.5,5.0,41.4,0.6,1.0,1.6,21.1,29.7,71.2,246.7,2.0,35.7,207.4,5.8,2.9,65.4,454.1,6.9,5.7,55.1,0.7,0.3,1.0
23.0,38.0,60.5,252.7,1.5,30.3,128.7,4.2,1.2,68.3,381.3,5.6,5.8,54.8,0.2,0.5,0.7,23.8,37.5,63.6,258.7,1.7,30.8,118.5,3.8,1.2,68.3,377.2,5.5,6.3,64.7,0.7,1.3,2.0,25.6,41.1,62.2,334.4,2.7,30.7,130.7,4.3,1.3,71.9,465.1,6.5,5.0,41.4,0.6,1.0,1.6,21.1,29.7,71.2,246.7,2.0,35.7,207.4,5.8,2.9,65.4,454.1,6.9,5.7,55.1,0.7,0.3,1.0
25.0,39.6,63.2,280.3,2.3,24.9,89.0,3.6,0.7,64.4,369.3,5.7,5.4,47.6,0.7,1.1,1.9,21.3,33.3,63.9,243.6,1.4,36.1,123.7,3.4,0.7,69.4,367.3,5.3,7.1,62.0,0.4,0.9,1.3,23.0,38.0,60.5,252.7,1.5,30.3,128.7,4.2,1.2,68.3,381.3,5.6,5.8,54.8,0.2,0.5,0.7,23.8,37.5,63.6,258.7,1.7,30.8,118.5,3.8,1.2,68.3,377.2,5.5,6.3,64.7,0.7,1.3,2.0
17.2,32.0,53.6,171.7,0.8,32.5,113.8,3.5,0.8,64.5,285.5,4.4,4.7,41.7,1.3,0.5,1.8,18.8,29.7,63.5,222.5,2.2,40.3,251.0,6.2,2.7,70.0,473.5,6.8,5.5,46.7,0.8,0.3,1.2,23.0,38.0,60.5,252.7,1.5,30.3,128.7,4.2,1.2,68.3,381.3,5.6,5.8,54.8,0.2,0.5,0.7,23.8,37.5,63.6,258.7,1.7,30.8,118.5,3.8,1.2,68.3,377.2,5.5,6.3,64.7,0.7,1.3,2.0
25.6,41.1,62.2,334.4,2.7,30.7,130.7,4.3,1.3,71.9,465.1,6.5,5.0,41.4,0.6,1.0,1.6,21.1,29.7,71.2,246.7,2.0,35.7,207.4,5.8,2.9,65.4,454.1,6.9,5.7,55.1,0.7,0.3,1.0,17.2,32.0,53.6,171.7,0.8,32.5,113.8,3.5,0.8,64.5,285.5,4.4,4.7,41.7,1.3,0.5,1.8,18.8,29.7,63.5,222.5,2.2,40.3,251.0,6.2,2.7,70.0,473.5,6.8,5.5,46.7,0.8,0.3,1.2
25.6,41.1,62.2,334.4,2.7,30.7,130.7,4.3,1.3,71.9,465.1,6.5,5.0,41.4,0.6,1.0,1.6,21.1,29.7,71.2,246.7,2.0,35.7,207.4,5.8,2.9,65.4,454.1,6.9,5.7,55.1,0.7,0.3,1.0,33.1,46.4,71.4,334.6,3.3,23.0,93.0,4.0,1.1,69.4,427.6,6.2,6.9,71.0,0.7,0.6,1.3,19.9,33.7,58.9,222.3,1.1,33.3,152.9,4.6,1.6,67.0,375.1,5.6,7.1,51.6,0.7,1.3,2.0
26.4,37.6,70.3,329.9,1.6,35.1,196.7,5.6,3.4,72.7,526.6,7.2,4.0,39.1,0.7,0.1,0.9,16.6,30.4,54.5,163.7,0.6,25.3,83.4,3.3,0.1,55.7,247.1,4.4,5.9,45.9,0.4,0.9,1.3,23.8,34.3,69.4,270.8,2.0,38.8,241.7,6.2,3.2,73.2,512.5,7.0,7.8,69.3,0.0,0.8,0.8,25.7,38.2,67.2,275.3,2.2,26.8,98.0,3.7,1.3,65.0,373.3,5.7,5.3,46.2,0.5,0.8,1.3
20.5,30.8,66.5,244.0,1.2,34.0,145.0,4.3,2.8,64.8,389.0,6.0,5.7,53.5,0.8,1.7,2.5,14.7,26.7,55.0,179.7,1.7,40.8,174.7,4.3,1.7,67.5,354.3,5.2,7.3,68.2,0.2,1.3,1.5,26.4,37.6,70.3,329.9,1.6,35.1,196.7,5.6,3.4,72.7,526.6,7.2,4.0,39.1,0.7,0.1,0.9,16.6,30.4,54.5,163.7,0.6,25.3,83.4,3.3,0.1,55.7,247.1,4.4,5.9,45.9,0.4,0.9,1.3
18.7,29.5,63.3,207.7,0.8,38.2,166.5,4.4,1.7,67.7,374.2,5.5,7.8,66.2,0.7,1.3,2.0,16.8,29.5,57.1,191.5,0.8,34.2,138.3,4.0,1.5,63.7,329.8,5.2,4.7,37.3,0.8,0.8,1.7,26.4,37.6,70.3,329.9,1.6,35.1,196.7,5.6,3.4,72.7,526.6,7.2,4.0,39.1,0.7,0.1,0.9,16.6,30.4,54.5,163.7,0.6,25.3,83.4,3.3,0.1,55.7,247.1,4.4,5.9,45.9,0.4,0.9,1.3
26.4,37.6,70.3,329.9,1.6,35.1,196.7,5.6,3.4,72.7,526.6,7.2,4.0,39.1,0.7,0.1,0.9,16.6,30.4,54.5,163.7,0.6,25.3,83.4,3.3,0.1,55.7,247.1,4.4,5.9,45.9,0.4,0.9,1.3,14.6,28.1,51.8,207.6,0.7,37.7,170.1,4.5,2.0,65.9,377.7,5.7,6.6,54.1,0.9,1.4,2.3,16.7,28.6,58.5,186.6,0.7,42.1,204.4,4.9,2.7,70.7,391.0,5.5,7.7,60.1,0.4,0.3,0.7
26.4,37.6,70.3,329.9,1.6,35.1,196.7,5.6,3.4,72.7,526.6,7.2,4.0,39.1,0.7,0.1,0.9,16.6,30.4,54.5,163.7,0.6,25.3,83.4,3.3,0.1,55.7,247.1,4.4,5.9,45.9,0.4,0.9,1.3,17.1,28.4,60.3,197.0,2.0,34.1,150.0,4.4,1.4,62.6,347.0,5.5,5.1,45.0,1.3,0.1,1.4,24.6,37.0,66.4,333.0,2.9,34.1,160.7,4.7,2.1,71.1,493.7,6.9,6.0,52.3,0.9,0.4,1.3
22.3,31.5,70.9,347.8,3.0,43.5,203.2,4.7,3.2,75.0,551.0,7.3,8.0,72.0,1.0,0.2,1.2,28.8,45.8,62.9,332.0,1.3,32.0,93.5,2.9,1.3,77.8,425.5,5.5,10.3,74.3,1.0,0.8,1.8,14.9,26.3,56.5,217.0,1.0,33.6,212.7,6.3,2.9,59.9,429.7,7.2,5.3,36.6,0.4,1.0,1.4,19.9,30.6,65.0,244.3,1.1,41.4,185.0,4.5,2.1,72.0,429.3,6.0,5.1,41.9,1.0,0.9,1.9
22.3,31.5,70.9,347.8,3.0,43.5,203.2,4.7,3.2,75.0,551.0,7.3,8.0,72.0,1.0,0.2,1.2,28.8,45.8,62.9,332.0,1.3,32.0,93.5,2.9,1.3,77.8,425.5,5.5,10.3,74.3,1.0,0.8,1.8,22.1,33.6,66.0,276.3,3.0,36.1,236.7,6.5,2.3,69.7,513.0,7.4,9.4,79.9,0.9,0.7,1.6,17.0,31.1,54.6,197.6,1.1,35.9,98.4,2.7,0.9,67.0,296.0,4.4,6.4,47.1,0.6,0.4,1.0
14.9,26.3,56.5,217.0,1.0,33.6,212.7,6.3,2.9,59.9,429.7,7.2,5.3,36.6,0.4,1.0,1.4,19.9,30.6,65.0,244.3,1.1,41.4,185.0,4.5,2.1,72.0,429.3,6.0,5.1,41.9,1.0,0.9,1.9,18.7,27.6,67.9,260.3,2.1,36.6,113.4,3.1,0.9,64.1,373.7,5.8,5.4,35.1,0.9,0.9,1.7,16.1,28.9,55.9,178.3,0.6,29.7,117.1,3.9,1.0,58.6,295.4,5.0,6.1,47.1,0.3,0.9,1.1
18.7,27.6,67.9,260.3,2.1,36.6,113.4,3.1,0.9,64.1,373.7,5.8,5.4,35.1,0.9,0.9,1.7,16.1,28.9,55.9,178.3,0.6,29.7,117.1,3.9,1.0,58.6,295.4,5.0,6.1,47.1,0.3,0.9,1.1,20.5,30.8,66.5,244.0,1.2,34.0,145.0,4.3,2.8,64.8,389.0,6.0,5.7,53.5,0.8,1.7,2.5,14.7,26.7,55.0,179.7,1.7,40.8,174.7,4.3,1.7,67.5,354.3,5.2,7.3,68.2,0.2,1.3,1.5
18.7,27.6,67.9,260.3,2.1,36.6,113.4,3.1,0.9,64.1,373.7,5.8,5.4,35.1,0.9,0.9,1.7,16.1,28.9,55.9,178.3,0.6,29.7,117.1,3.9,1.0,58.6,295.4,5.0,6.1,47.1,0.3,0.9,1.1,33.1,46.4,71.4,334.6,3.3,23.0,93.0,4.0,1.1,69.4,427.6,6.2,6.9,71.0,0.7,0.6,1.3,19.9,33.7,58.9,222.3,1.1,33.3,152.9,4.6,1.6,67.0,375.1,5.6,7.1,51.6,0.7,1.3,2.0
20.5,30.8,66.5,244.0,1.2,34.0,145.0,4.3,2.8,64.8,389.0,6.0,5.7,53.5,0.8,1.7,2.5,14.7,26.7,55.0,179.7,1.7,40.8,174.7,4.3,1.7,67.5,354.3,5.2,7.3,68.2,0.2,1.3,1.5,13.8,24.8,55.7,202.3,2.0,47.0,234.3,5.0,1.7,71.8,436.7,6.1,8.0,70.8,0.7,0.8,1.5,20.7,32.0,64.6,258.3,2.2,41.3,180.0,4.4,1.7,73.3,438.3,6.0,4.5,48.3,0.8,1.7,2.5
17.6,27.7,63.4,248.6,2.1,48.1,240.0,5.0,2.0,75.9,488.6,6.4,7.0,69.3,0.9,0.4,1.3,22.0,36.9,59.7,315.7,1.9,33.4,142.0,4.2,2.4,70.3,457.7,6.5,7.1,61.4,0.7,0.6,1.3,20.5,30.8,66.5,244.0,1.2,34.0,145.0,4.3,2.8,64.8,389.0,6.0,5.7,53.5,0.8,1.7,2.5,14.7,26.7,55.0,179.7,1.7,40.8,174.7,4.3,1.7,67.5,354.3,5.2,7.3,68.2,0.2,1.3,1.5
14.9,26.3,56.5,217.0,1.0,33.6,212.7,6.3,2.9,59.9,429.7,7.2,5.3,36.6,0.4,1.0,1.4,19.9,30.6,65.0,244.3,1.1,41.4,185.0,4.5,2.1,72.0,429.3,6.0,5.1,41.9,1.0,0.9,1.9,18.7,29.5,63.3,207.7,0.8,38.2,166.5,4.4,1.7,67.7,374.2,5.5,7.8,66.2,0.7,1.3,2.0,16.8,29.5,57.1,191.5,0.8,34.2,138.3,4.0,1.5,63.7,329.8,5.2,4.7,37.3,0.8,0.8,1.7
22.1,33.6,66.0,276.3,3.0,36.1,236.7,6.5,2.3,69.7,513.0,7.4,9.4,79.9,0.9,0.7,1.6,17.0,31.1,54.6,197.6,1.1,35.9,98.4,2.7,0.9,67.0,296.0,4.4,6.4,47.1,0.6,0.4,1.0,17.1,28.4,60.3,197.0,2.0,34.1,150.0,4.4,1.4,62.6,347.0,5.5,5.1,45.0,1.3,0.1,1.4,24.6,37.0,66.4,333.0,2.9,34.1,160.7,4.7,2.1,71.1,493.7,6.9,6.0,52.3,0.9,0.4,1.3
14.6,28.1,51.8,207.6,0.7,37.7,170.1,4.5,2.0,65.9,377.7,5.7,6.6,54.1,0.9,1.4,2.3,16.7,28.6,58.5,186.6,0.7,42.1,204.4,4.9,2.7,70.7,391.0,5.5,7.7,60.1,0.4,0.3,0.7,18.7,29.5,63.3,207.7,0.8,38.2,166.5,4.4,1.7,67.7,374.2,5.5,7.8,66.2,0.7,1.3,2.0,16.8,29.5,57.1,191.5,0.8,34.2,138.3,4.0,1.5,63.7,329.8,5.2,4.7,37.3,0.8,0.8,1.7
22.1,33.6,66.0,276.3,3.0,36.1,236.7,6.5,2.3,69.7,513.0,7.4,9.4,79.9,0.9,0.7,1.6,17.0,31.1,54.6,197.6,1.1,35.9,98.4,2.7,0.9,67.0,296.0,4.4,6.4,47.1,0.6,0.4,1.0,17.4,25.4,68.5,213.6,1.4,38.0,132.6,3.5,1.6,63.4,346.1,5.5,5.1,47.6,0.6,0.6,1.1,21.9,32.3,67.7,272.0,1.9,34.9,149.3,4.3,2.1,67.1,421.3,6.3,7.0,68.6,0.1,0.7,0.9
17.6,27.7,63.4,248.6,2.1,48.1,240.0,5.0,2.0,75.9,488.6,6.4,7.0,69.3,0.9,0.4,1.3,22.0,36.9,59.7,315.7,1.9,33.4,142.0,4.2,2.4,70.3,457.7,6.5,7.1,61.4,0.7,0.6,1.3,22.1,33.6,66.0,276.3,3.0,36.1,236.7,6.5,2.3,69.7,513.0,7.4,9.4,79.9,0.9,0.7,1.6,17.0,31.1,54.6,197.6,1.1,35.9,98.4,2.7,0.9,67.0,296.0,4.4,6.4,47.1,0.6,0.4,1.0
33.1,46.4,71.4,334.6,3.3,23.0,93.0,4.0,1.1,69.4,427.6,6.2,6.9,71.0,0.7,0.6,1.3,19.9,33.7,58.9,222.3,1.1,33.3,152.9,4.6,1.6,67.0,375.1,5.6,7.1,51.6,0.7,1.3,2.0,17.6,27.7,63.4,248.6,2.1,48.1,240.0,5.0,2.0,75.9,488.6,6.4,7.0,69.3,0.9,0.4,1.3,22.0,36.9,59.7,315.7,1.9,33.4,142.0,4.2,2.4,70.3,457.7,6.5,7.1,61.4,0.7,0.6,1.3
19.0,32.8,57.9,242.0,2.0,28.3,113.5,4.0,1.2,61.2,355.5,5.8,8.2,76.8,1.0,0.3,1.3,22.2,35.7,62.1,278.3,1.7,43.2,172.7,4.0,1.5,78.8,451.0,5.7,7.7,65.8,1.0,1.2,2.2,22.7,32.9,69.1,250.4,1.6,38.4,110.0,2.9,1.9,71.3,360.4,5.1,6.7,61.6,0.4,0.1,0.6,16.9,27.9,60.5,252.9,2.3,35.3,140.0,4.0,1.7,63.1,392.9,6.2,7.7,74.7,0.4,0.4,0.9
20.0,29.0,69.0,282.9,2.6,39.0,175.3,4.5,1.6,68.0,458.1,6.7,5.9,53.4,1.0,0.3,1.3,20.3,30.1,67.3,266.1,1.9,35.0,147.6,4.2,1.6,65.1,413.7,6.4,6.3,54.9,1.3,1.1,2.4,19.0,32.8,57.9,242.0,2.0,28.3,113.5,4.0,1.2,61.2,355.5,5.8,8.2,76.8,1.0,0.3,1.3,22.2,35.7,62.1,278.3,1.7,43.2,172.7,4.0,1.5,78.8,451.0,5.7,7.7,65.8,1.0,1.2,2.2
13.8,24.8,55.7,202.3,2.0,47.0,234.3,5.0,1.7,71.8,436.7,6.1,8.0,70.8,0.7,0.8,1.5,20.7,32.0,64.6,258.3,2.2,41.3,180.0,4.4,1.7,73.3,438.3,6.0,4.5,48.3,0.8,1.7,2.5,20.0,29.0,69.0,282.9,2.6,39.0,175.3,4.5,1.6,68.0,458.1,6.7,5.9,53.4,1.0,0.3,1.3,20.3,30.1,67.3,266.1,1.9,35.0,147.6,4.2,1.6,65.1,413.7,6.4,6.3,54.9,1.3,1.1,2.4
20.0,29.0,69.0,282.9,2.6,39.0,175.3,4.5,1.6,68.0,458.1,6.7,5.9,53.4,1.0,0.3,1.3,20.3,30.1,67.3,266.1,1.9,35.0,147.6,4.2,1.6,65.1,413.7,6.4,6.3,54.9,1.3,1.1,2.4,30.0,49.7,60.3,358.7,2.4,29.7,147.1,5.0,2.1,79.4,505.9,6.4,4.9,45.9,0.1,1.7,1.9,20.7,33.6,61.7,264.0,1.6,40.0,221.7,5.5,2.4,73.6,485.7,6.6,7.7,67.7,0.4,1.1,1.6
17.4,25.4,68.5,213.6,1.4,38.0,132.6,3.5,1.6,63.4,346.1,5.5,5.1,47.6,0.6,0.6,1.1,21.9,32.3,67.7,272.0,1.9,34.9,149.3,4.3,2.1,67.1,421.3,6.3,7.0,68.6,0.1,0.7,0.9,20.0,29.0,69.0,282.9,2.6,39.0,175.3,4.5,1.6,68.0,458.1,6.7,5.9,53.4,1.0,0.3,1.3,20.3,30.1,67.3,266.1,1.9,35.0,147.6,4.2,1.6,65.1,413.7,6.4,6.3,54.9,1.3,1.1,2.4
22.3,33.8,66.0,287.3,3.2,35.0,162.5,4.6,1.7,68.8,449.8,6.5,6.5,59.8,0.3,0.5,0.8,17.7,27.7,63.9,215.3,1.3,36.0,122.5,3.4,1.8,63.7,337.8,5.3,6.2,55.0,1.0,0.5,1.5,21.3,32.8,65.0,307.0,3.0,46.0,212.7,4.6,2.7,78.8,519.7,6.6,5.5,41.8,0.8,0.7,1.5,18.7,33.3,56.0,251.7,1.8,27.3,36.2,1.3,0.5,60.7,287.8,4.7,5.0,41.2,1.0,0.8,1.8
21.3,32.8,65.0,307.0,3.0,46.0,212.7,4.6,2.7,78.8,519.7,6.6,5.5,41.8,0.8,0.7,1.5,18.7,33.3,56.0,251.7,1.8,27.3,36.2,1.3,0.5,60.7,287.8,4.7,5.0,41.2,1.0,0.8,1.8,22.9,36.3,63.0,242.1,2.0,33.0,95.9,2.9,0.6,69.3,338.0,4.9,5.7,50.9,0.9,1.0,1.9,23.1,35.1,65.9,236.7,0.9,32.4,124.1,3.8,2.0,67.6,360.9,5.3,5.7,55.1,0.7,1.0,1.7
22.7,32.9,69.1,250.4,1.6,38.4,110.0,2.9,1.9,71.3,360.4,5.1,6.7,61.6,0.4,0.1,0.6,16.9,27.9,60.5,252.9,2.3,35.3,140.0,4.0,1.7,63.1,392.9,6.2,7.7,74.7,0.4,0.4,0.9,21.3,32.8,65.0,307.0,3.0,46.0,212.7,4.6,2.7,78.8,519.7,6.6,5.5,41.8,0.8,0.7,1.5,18.7,33.3,56.0,251.7,1.8,27.3,36.2,1.3,0.5,60.7,287.8,4.7,5.0,41.2,1.0,0.8,1.8
30.0,49.7,60.3,358.7,2.4,29.7,147.1,5.0,2.1,79.4,505.9,6.4,4.9,45.9,0.1,1.7,1.9,20.7,33.6,61.7,264.0,1.6,40.0,221.7,5.5,2.4,73.6,485.7,6.6,7.7,67.7,0.4,1.1,1.6,21.3,32.8,65.0,307.0,3.0,46.0,212.7,4.6,2.7,78.8,519.7,6.6,5.5,41.8,0.8,0.7,1.5,18.7,33.3,56.0,251.7,1.8,27.3,36.2,1.3,0.5,60.7,287.8,4.7,5.0,41.2,1.0,0.8,1.8
13.8,24.8,55.7,202.3,2.0,47.0,234.3,5.0,1.7,71.8,436.7,6.1,8.0,70.8,0.7,0.8,1.5,20.7,32.0,64.6,258.3,2.2,41.3,180.0,4.4,1.7,73.3,438.3,6.0,4.5,48.3,0.8,1.7,2.5,30.0,49.7,60.3,358.7,2.4,29.7,147.1,5.0,2.1,79.4,505.9,6.4,4.9,45.9,0.1,1.7,1.9,20.7,33.6,61.7,264.0,1.6,40.0,221.7,5.5,2.4,73.6,485.7,6.6,7.7,67.7,0.4,1.1,1.6
22.3,33.8,66.0,287.3,3.2,35.0,162.5,4.6,1.7,68.8,449.8,6.5,6.5,59.8,0.3,0.5,0.8,17.7,27.7,63.9,215.3,1.3,36.0,122.5,3.4,1.8,63.7,337.8,5.3,6.2,55.0,1.0,0.5,1.5,22.4,34.7,64.6,312.7,1.7,32.3,86.7,2.7,1.0,67.0,399.4,6.0,5.7,50.4,0.6,1.3,1.9,22.0,36.6,60.2,229.7,1.3,34.9,111.3,3.2,1.1,71.4,341.0,4.8,6.3,61.1,0.7,1.0,1.7
22.9,36.3,63.0,242.1,2.0,33.0,95.9,2.9,0.6,69.3,338.0,4.9,5.7,50.9,0.9,1.0,1.9,23.1,35.1,65.9,236.7,0.9,32.4,124.1,3.8,2.0,67.6,360.9,5.3,5.7,55.1,0.7,1.0,1.7,22.3,33.8,66.0,287.3,3.2,35.0,162.5,4.6,1.7,68.8,449.8,6.5,6.5,59.8,0.3,0.5,0.8,17.7,27.7,63.9,215.3,1.3,36.0,122.5,3.4,1.8,63.7,337.8,5.3,6.2,55.0,1.0,0.5,1.5
22.4,34.7,64.6,312.7,1.7,32.3,86.7,2.7,1.0,67.0,399.4,6.0,5.7,50.4,0.6,1.3,1.9,22.0,36.6,60.2,229.7,1.3,34.9,111.3,3.2,1.1,71.4,341.0,4.8,6.3,61.1,0.7,1.0,1.7,19.3,27.5,70.3,188.8,1.2,47.2,210.2,4.5,2.0,74.7,399.0,5.3,6.0,50.7,0.7,0.7,1.3,16.5,30.8,53.5,213.3,1.2,29.8,77.3,2.6,0.5,60.7,290.7,4.8,4.8,35.8,0.7,1.3,2.0
23.0,35.3,65.1,297.5,2.2,38.8,164.8,4.2,2.0,74.2,462.3,6.2,8.3,77.2,0.3,0.7,1.0,19.7,33.7,58.4,228.8,1.8,30.2,95.2,3.2,0.5,63.8,324.0,5.1,5.3,52.0,1.0,1.3,2.3,17.4,25.4,68.5,213.6,1.4,38.0,132.6,3.5,1.6,63.4,346.1,5.5,5.1,47.6,0.6,0.6,1.1,21.9,32.3,67.7,272.0,1.9,34.9,149.3,4.3,2.1,67.1,421.3,6.3,7.0,68.6,0.1,0.7,0.9
22.4,34.7,64.6,312.7,1.7,32.3,86.7,2.7,1.0,67.0,399.4,6.0,5.7,50.4,0.6,1.3,1.9,22.0,36.6,60.2,229.7,1.3,34.9,111.3,3.2,1.1,71.4,341.0,4.8,6.3,61.1,0.7,1.0,1.7,15.3,27.0,56.8,212.0,1.5,34.7,124.7,3.6,1.2,61.7,336.7,5.5,7.3,63.3,0.8,1.5,2.3,19.8,31.7,62.6,236.2,1.3,39.5,131.5,3.3,1.2,71.2,367.7,5.2,7.2,63.3,0.2,1.3,1.5
22.4,34.7,64.6,312.7,1.7,32.3,86.7,2.7,1.0,67.0,399.4,6.0,5.7,50.4,0.6,1.3,1.9,22.0,36.6,60.2,229.7,1.3,34.9,111.3,3.2,1.1,71.4,341.0,4.8,6.3,61.1,0.7,1.0,1.7,22.9,36.3,63.0,242.1,2.0,33.0,95.9,2.9,0.6,69.3,338.0,4.9,5.7,50.9,0.9,1.0,1.9,23.1,35.1,65.9,236.7,0.9,32.4,124.1,3.8,2.0,67.6,360.9,5.3,5.7,55.1,0.7,1.0,1.7
15.3,27.0,56.8,212.0,1.5,34.7,124.7,3.6,1.2,61.7,336.7,5.5,7.3,63.3,0.8,1.5,2.3,19.8,31.7,62.6,236.2,1.3,39.5,131.5,3.3,1.2,71.2,367.7,5.2,7.2,63.3,0.2,1.3,1.5,22.7,32.9,69.1,250.4,1.6,38.4,110.0,2.9,1.9,71.3,360.4,5.1,6.7,61.6,0.4,0.1,0.6,16.9,27.9,60.5,252.9,2.3,35.3,140.0,4.0,1.7,63.1,392.9,6.2,7.7,74.7,0.4,0.4,0.9
22.7,32.9,69.1,250.4,1.6,38.4,110.0,2.9,1.9,71.3,360.4,5.1,6.7,61.6,0.4,0.1,0.6,16.9,27.9,60.5,252.9,2.3,35.3,140.0,4.0,1.7,63.1,392.9,6.2,7.7,74.7,0.4,0.4,0.9,17.4,25.4,68.5,213.6,1.4,38.0,132.6,3.5,1.6,63.4,346.1,5.5,5.1,47.6,0.6,0.6,1.1,21.9,32.3,67.7,272.0,1.9,34.9,149.3,4.3,2.1,67.1,421.3,6.3,7.0,68.6,0.1,0.7,0.9
